@niko I can't combine those...	@niko Я не могу их объединить...
@ed [Those can't be combined.]	@ed [Их нельзя объединить.]
TEMPORARY!!!	ВРЕМЕННО!!!
Filled Syringe + (mod) empty bottle	Наполненный шприц + (мод) пустая бутылка
@two_ed Yet.	@two_ed Пока нет.
@ed Niko dips the branch into the alcohol.	@ed Нико окунает ветку в спирт.
@niko Use the screwdriver to...pull the lens out...?	@niko Использовать отвёртку, чтобы... вытащить линзу...?
@niko Okay...	@niko Ладно...
@niko_speak Done!	@niko_speak Готово!
@niko The lens pops right in.	@niko Линза встаёт на место.
@niko I can't use this one, \\p...\\>\\n\\@niko_speak My eyes are closed in it!	@niko Я не могу использовать эту, \\p...\\>\\n\\@niko_speak У меня на ней глаза закрыты!
@niko I don't think we can do anything else here, \\p...	@niko Не думаю, что мы можем сделать здесь что-то ещё, \\p...
@niko It feels like we're on the right track, though!	@niko Но чувствую, мы на верном пути!
@niko_eyeclosed I'm not gonna smash the bottle!	@niko_eyeclosed Я не собираюсь разбивать бутылку!
@niko_huh \\p!!!\\>\\n\\@niko_eyeclosed I am NOT gonna smash the sun!	@niko_huh \\p!!!\\>\\n\\@niko_eyeclosed Я НЕ собираюсь разбивать солнце!
@niko_speak Ah, looks like it's already fully charged.	@niko_speak А, похоже, он уже полностью заряжен.
@niko That was fast...	@niko Это было быстро...
@niko I should inject the liquid through the cork, right, \\p?	@niko Мне нужно ввести жидкость через пробку, да, \\p?
@niko_speak It's like I'm a doctor!	@niko_speak Прямо как настоящий врач!
@niko So... I should inject the liquid through the cork, right, \\p?	@niko Значит... мне нужно ввести жидкость через пробку, да, \\p?
@niko_speak Oh!\\n\\.\\.\\@niko I should probably shake this too.	@niko_speak О!\\n\\.\\.\\@niko Наверное, это тоже нужно взболтать.
@niko_speak ...It changed color!	@niko_speak ...Он поменял цвет!
@niko I'm guessing I should pour this onto the 	@niko Наверное, мне нужно вылить это на 
sponge.	губку.
@niko_speak Good thing I have these gloves!	@niko_speak Хорошо, что у меня есть эти перчатки!
@niko_speak I hope this works...	@niko_speak Надеюсь, это сработает...
@niko_speak \\.\\.\\...wait! \\.\\. \\@niko Shouldn't I be wearing gloves for this?	@niko_speak \\.\\.\\...погоди! \\.\\. \\@niko Разве мне не стоит надеть перчатки для этого?
@niko_speak Safety first!	@niko_speak Безопасность прежде всего!
@menderbot [I Don't Need Gloves, Let Me Handle 	@menderbot [МНЕ НЕ НУЖНЫ ПЕРЧАТКИ, ДАЙ Я 
That.]	ЭТИМ ЗАЙМУСЬ.]
@niko Will your hands be ok?	@niko С твоими руками всё будет в порядке?
@menderbot [Yes. It's Not Acidic Enough To Eat 	@menderbot [ДА. ОН НЕ НАСТОЛЬКО ЕДКИЙ, ЧТОБЫ 
Through Metal.]	ПРОЕСТЬ МЕТАЛЛ.]
@niko_speak Ok!	@niko_speak Ок!
@niko_speak Oh yeah! We can use the feather as a pen!	@niko_speak О да! Мы можем использовать перо как ручку!
@niko I saw it in a picture book once.	@niko Я однажды видел такое в книжке с картинками.
@niko_speak Oh! Maybe we can make a button out of this!	@niko_speak О! Может, мы сможем сделать кнопку из этого!
@niko I can cut out a piece of the can and fold it into a rectangle shape...	@niko Я могу вырезать кусок банки и сложить его в прямоугольник...
@niko Just like arts and crafts!	@niko Прямо как на уроках труда!
@niko Hmm... I don't think it's supposed to be this simple.	@niko Хм... Не думаю, что всё должно быть так просто.
@niko_speak How are we gonna connect it to the elevator?	@niko_speak Как мы подключим его к лифту?
@niko_speak Well, let's find out!	@niko_speak Что ж, давай выясним!
@niko The magnets don't stick to the aluminum, but...	@niko Магниты не липнут к алюминию, но...
@niko_speak Oh! What if I just folded the magnets under this edge?	@niko_speak О! А что, если я просто загну магниты под этот край?
@niko Hmm...\\| It's holding together, if just barely.	@niko Хм...\\| Держится, хоть и еле-еле.
@niko I... hope that's good enough?	@niko Я... надеюсь, этого достаточно?
@niko The magnets don't stick to aluminum...	@niko Магниты не липнут к алюминию...
@niko The back of the photo is covered in glue.	@niko Обратная сторона фотографии покрыта клеем.
@niko ...and glitter.	@niko ...и блёстками.
@niko The card has my face on it now.	@niko Теперь на карточке моё лицо.
@niko The card is covered in glue.	@niko Карточка покрыта клеем.
@niko_speak So, put the pill in the water?	@niko_speak Значит, положить таблетку в воду?
@niko It dissolved really fast!	@niko Она растворилась очень быстро!
@niko I should inject it through the cork.	@niko Мне нужно ввести это через пробку.
@niko It turned into this grey liquid.	@niko Это превратилось в серую жидкость.
@niko I don't thnk the glue will bond on the metal part, 	@niko Не думаю, что клей схватится на металлической части, 
\\p.	\\p.
@niko So I should put the glue on the shaft?	@niko Значит, мне нужно нанести клей на стержень?
@niko It's really sticky.	@niko Он очень липкий.
$scene = Scene_Map.new	$scene = Scene_Map.new
@niko Okay, so I should stick these together and 	@niko Ладно, значит, мне нужно склеить их вместе и
clamp them for 3 minutes?	зажать на 3 минуты?
@niko Hey \\p, can we talk to pass time?	@niko Эй, \\p, может, поговорим, чтобы скоротать время?
Yes	Да
@niko_smile I'm glad you agree.	@niko_smile Я рад, что ты согласен.
@niko You know, the sun back in my home world 	@niko Знаешь, солнце в моём родном мире —
isn't a lightbulb.\\>\\n\\@niko_speak It's a big ball of fire 	не лампочка.\\>\\n\\@niko_speak Это огромный огненный шар
in the sky!	в небе!
@niko I don't think I would be able to hold it like I do with the sun from your world...	@niko Не думаю, что смог бы держать его так, как держу солнце из твоего мира...
This isn't my world.	Это не мой мир.
@niko_speak Huh?	@niko_speak А?
This isn't the world I live in.	Это не тот мир, в котором я живу.
@niko_speak Really?\\>\\n\\@niko_eyeclosed ...ah, I guess not.\\>\\n\\@niko If you're the god of this world, you wouldn't necessarily be in it.	@niko_speak Правда?\\>\\n\\@niko_eyeclosed ...ах, наверное, нет.\\>\\n\\@niko Если ты бог этого мира, ты не обязательно должен быть в нём.
@niko_speak What's your home world called?	@niko_speak А как называется твой родной мир?
Earth.	Земля.
That's a secret.	Это секрет.
@niko_speak Earth?\\>\\n\\@niko Like, the stuff on the ground?\\>\\n\\@niko_speak ...Wait, do you live underground?	@niko_speak Земля?\\>\\n\\@niko Типа, то, что на земле валяется?\\>\\n\\@niko_speak ...Погоди, ты что, живёшь под землёй?
No	Нет
@niko_speak Wow...\\>\\n\\@niko_eyeclosed I can't imagine what that's like...	@niko_speak Ух ты...\\>\\n\\@niko_eyeclosed Не могу представить, как это...
@niko Ah, neither do we!\\>\\n\\@niko But shrews and field mice and stuff do.	@niko А, мы тоже нет!\\>\\n\\@niko Но землеройки, полёвки и всякое такое — да.
@niko_eyeclosed I see...	@niko_eyeclosed Понятно...
@niko_speak Does your world have a sun?	@niko_speak А в твоём мире есть солнце?
Yes, it's also a ball of fire.	Да, тоже огненный шар.
I can't tell you that.	Не могу тебе этого сказать.
@niko_speak Really?\\>\\n\\@niko_pancakes Wow!\\>\\n\\@niko Can you hold it?	@niko_speak Правда?\\>\\n\\@niko_pancakes Ух ты!\\>\\n\\@niko А ты можешь его держать?
@niko ...	@niko ...
@niko_eyeclosed ...\\nThat was a silly question, wasn't it...	@niko_eyeclosed ...\\nЭто был глупый вопрос, да...
@niko_eyeclosed Oh...	@niko_eyeclosed Ох...
@niko The sun in my home world is very bright.\\>\\n\\@niko_speak Warm, too!\\>\\n\\@niko You saw, right?	@niko Солнце в моём родном мире очень яркое.\\>\\n\\@niko_speak И тёплое!\\>\\n\\@niko Ты видел, да?
@niko But it goes away sometimes, at night.\\>\\n\\@niko_eyeclosed Everything gets dark, kinda like how this world is now.	@niko Но иногда оно уходит, ночью.\\>\\n\\@niko_eyeclosed Всё становится тёмным, вроде того, как сейчас в этом мире.
@niko_speak But it's okay because the sun always comes back the next day.\\>\\n\\@niko That's good, don't you think?	@niko_speak Но это ничего, потому что солнце всегда возвращается на следующий день.\\>\\n\\@niko Это же хорошо, как думаешь?
Yeah.	Ага.
My world is like that too.	Мой мир такой же.
@niko M-hm!	@niko Ага!
@niko During the night, people usually go to sleep.\\>\\n\\@niko_speak But some people stay up and use computers!	@niko Ночью люди обычно спят.\\>\\n\\@niko_speak Но некоторые не спят и сидят за компьютерами!
@niko_speak Ah!\\>\\nDo you sleep during the night?	@niko_speak А!\\>\\nА ты спишь ночью?
@niko We go to sleep, usually.\\>\\n\\@niko_speak But some people stay up and use computers!	@niko Мы обычно спим.\\>\\n\\@niko_speak Но некоторые не спят и сидят за компьютерами!
@niko I... don't have to explain what they are, do I?\\>\\n\\@niko_speak There's a bunch of them in this world!	@niko Мне... не нужно объяснять, что это такое, да?\\>\\n\\@niko_speak В этом мире их полно!
@niko_speak It look's like the shovel finished gluing. 	@niko_speak Похоже, лопата закончила склеиваться.
@niko2 I don't have anything to clamp these together!	@niko2 Мне нечем их зажать!
@niko So \\. . \\. . \\. . \\| I should inject the liquid through 	@niko Значит, \\. . \\. . \\. . \\| думаю, мне нужно впрыснуть жидкость
the cork, I think.	через пробку.
@niko_speak Oh!\\n\\.\\.\\@niko I should probably shake 	@niko_speak О!\\n\\.\\.\\@niko Наверное, это тоже
this too.	надо взболтать.
@niko_speak I need something to cover my eyes!	@niko_speak Мне нужно чем-то прикрыть глаза!
@menderbot [I Can Mix It Without Protection.]	@menderbot [Я МОГУ СМЕШАТЬ ЭТО БЕЗ ЗАЩИТЫ.]
@niko_speak But what if it splashes into your eyes!	@niko_speak Но что, если оно брызнет тебе в глаза!
@menderbot_think [I'll Be Fine Because I'm A Robot.]	@menderbot_think [СО МНОЙ ВСЁ БУДЕТ ХОРОШО, ПОТОМУ ЧТО Я РОБОТ.]
@niko_what Oh right.	@niko_what А, точно.
@menderbot_happy [But I Appreciate Your Concern.]	@menderbot_happy [НО Я ЦЕНЮ ТВОЮ ЗАБОТУ.]
@niko Oh, I can cut the bindings on this paper.	@niko О, я могу разрезать верёвки на этой бумаге.
@niko_speak Ah, there was a key in it!	@niko_speak А, внутри был ключ!
@niko The jar is full of fireflies.	@niko Банка полна светлячков.
@niko Coals.	@niko Угли.
@niko It's some kind of stew.	@niko Это какое-то рагу.
@niko It's a jar full of fireflies.	@niko Это банка, полная светлячков.
@niko_eyeclosed I can't reach the top, \\p...	@niko_eyeclosed Я не дотягиваюсь до верха, \\p...
@niko It's a gas vent.	@niko Это газовая отдушина.
@niko Small sprouts. \\>\\@niko_speak We gotta be careful we don't step on these!	@niko Маленькие ростки. \\>\\@niko_speak Нам надо быть осторожными, чтобы не наступить на них!
@alula You got it!	@alula Есть!
@niko Small sprouts. \\>\\@niko_speak I gotta be careful I don't step on these!	@niko Маленькие росточки. \\>\\@niko_speak Надо быть осторожным, чтобы не наступить на них!
@niko It's a small tree.	@niko Это маленькое дерево.
@niko It's off.	@niko Выключено.
@niko It's a fridge.	@niko Это холодильник.
@niko It's a little plant.	@niko Это маленькое растение.
@niko It's a trash bin.	@niko Это мусорный бак.
@niko A bag full of trash.	@niko Мешок, полный мусора.
@niko_eyeclosed Gross!	@niko_eyeclosed Фу!
@niko It's a bed.	@niko Это кровать.
@niko ...well, more like a mattress.	@niko ...ну, скорее матрас.
@niko Jars of fireflies are placed next to the fields.	@niko Рядом с полями стоят банки со светлячками.
@niko Just a jar.	@niko Просто банка.
@niko Some jars.	@niko Несколько банок.
@niko A streetlamp.	@niko Уличный фонарь.
@niko_eyeclosed More of those squares...	@niko_eyeclosed Опять эти квадраты...
@niko3 Those squares again...	@niko3 Снова эти квадраты...
@niko_huh These squares are just everywhere...	@niko_huh Эти квадраты просто повсюду...
@niko This looks like an altar...	@niko Это похоже на алтарь...
@niko_speak Fish!	@niko_speak Рыба!
@alula_speak Fish!	@alula_speak Рыба!
@niko_speak It's clothes!	@niko_speak Это одежда!
@calamus_shame Oh! I should probably take these in soon!	@calamus_shame О! Наверное, мне скоро стоит забрать это!
@niko It's a big metal box with complicated machinery inside.	@niko Это большой металлический ящик со сложными механизмами внутри.
@niko It's a big metal box with lots of machinery inside. \\.\\.\\@niko_speak This one has a robot in it!	@niko Это большой металлический ящик с кучей механизмов внутри. \\.\\.\\@niko_speak В этом есть робот!
@niko It's a bookshelf.	@niko Это книжная полка.
@niko It's a shelf full of little machine parts and tools I don't recognize.	@niko Это полка, полная мелких деталей машин и инструментов, которых я не узнаю.
@niko It's a gravestone.	@niko Это надгробие.
@niko A robot without power.	@niko Робот без питания.
@calamus ...wait.	@calamus ...погоди.
@calamus_sad ...we can't get back into our house...	@calamus_sad ...мы не можем вернуться в наш дом...
@niko It's a blanket covered in shiny things.	@niko Это одеяло, покрытое блестящими штуками.
@magpie_hm Still kinda sad I lost most of my stuff...	@magpie_hm Всё ещё немного грустно, что я потеряла большую часть своих вещей...
@niko_eyeclosed I don't think it's safe to use this again, \\p.	@niko_eyeclosed Не думаю, что безопасно использовать это снова, \\p.
@niko_speak It's a huge crystal!	@niko_speak Это огромный кристалл!
@niko This one is green.	@niko Этот зелёный.
@niko_eyeclosed I don't want to touch another 	@niko_eyeclosed Я не хочу снова трогать 
crystal again...	кристалл...
@niko6 Hmm...	@niko6 Хмм...
@niko_surprised Ow!	@niko_surprised Ай!
@niko_eyeclosed This crystal is sharp.	@niko_eyeclosed Этот кристалл острый.
Gamejolt.grant_trophy(136492)	Gamejolt.grant_trophy(136492)
Steam.unlock 'POINTY'	Steam.unlock 'POINTY'
@niko This one is pink.	@niko Этот розовый.
@niko This one is cyan.	@niko Этот голубой.
@niko An empty minecart.	@niko Пустая вагонетка.
@niko_speak Wish I could ride it!	@niko_speak Хотел бы я на ней прокатиться!
@niko_distressed A minecart\\..\\..\\..	@niko_distressed Вагонетка\\..\\..\\..
Broken robots will remind Niko of Menderbot after 	Сломанные роботы напомнят Нико о Мендерботе после 
witnessing his death	того, как он станет свидетелем его смерти
@niko_sad A broken robot...	@niko_sad Сломанный робот...
@niko A broken robot.	@niko Сломанный робот.
Menderbot	Мендербот
----------------------------------------------------------------	----------------------------------------------------------------
Dialogue while leaving the mines	Диалог при выходе из шахт
@menderbot3 [...We Should Go.]	@menderbot3 [...НАМ СТОИТ ИДТИ.]
@menderbot2 [...]	@menderbot2 [...]
@menderbot3 [It's Not Safe Here...]	@menderbot3 [ЗДЕСЬ НЕБЕЗОПАСНО...]
@menderbot_think [Are You Sure This Is The Right 	@menderbot_think [ТЫ УВЕРЕН, ЧТО ЭТО ПРАВИЛЬНЫЙ 
Way?]	ПУТЬ?]
@menderbot [...]	@menderbot [...]
Item Dialogue	Диалог предмета
Sun	Солнце
@menderbot [The Sun.]	@menderbot [Солнце.]
@menderbot_eyeclosed [I Can't Carry It For You.]	@menderbot_eyeclosed [Я не могу понести его за тебя.]
Book	Книга
@menderbot [A Blank Book?]	@menderbot [Пустая книга?]
@niko It's an English dictionary.	@niko Это англо-русский словарь.
@menderbot_Think [Looks Blank To Me.]	@menderbot_Think [Мне кажется, она пустая.]
@niko_eyeclosed Strange.	@niko_eyeclosed Странно.
Goggles	Очки
@menderbot [I Don't Need Eye Protection. My 	@menderbot [Мне не нужна защита для глаз. Мои 
Sensors Are Acid Resistant.]	сенсоры устойчивы к кислоте.]
@menderbot3 [I Appreciate Your Concern Though.]	@menderbot3 [Но я ценю твою заботу.]
Keycard	Ключ-карта
@menderbot [Keep The Card For Now, I'll Take It 	@menderbot [Пока оставь карту себе, я заберу её, 
When You Depart.]	когда ты уйдёшь.]
Gas Bottle	Газовая бутылка
@menderbot [The Gas Can Be Mixed With Jelly To 	@menderbot [Газ можно смешать с желе, чтобы 
Make An Acidic Cleaning Solution.]	получить кислотный чистящий раствор.]
Empty bottle	Пустая бутылка
@menderbot [An Empty Bottle?]	@menderbot [Пустая бутылка?]
@menderbot_think [Might Be Used To Store Gas.]	@menderbot_think [Может пригодиться для хранения газа.]
Photo	Фотография
@niko_speak You forgot to take your photo!	@niko_speak Ты забыл забрать свою фотографию!
@menderbot_sad [Ah\\..\\..\\.. The photo...]	@menderbot_sad [Ах\\..\\..\\.. Фотография...]
@niko_eyeclosed [Thank You Niko.]	@niko_eyeclosed [Спасибо, Нико.]
Wet sponge	Мокрая губка
@menderbot_speak [Careful With That! You Will Hurt 	@menderbot_speak [Осторожно с этим! Ты поранишься, 
Yourself If It Touches Your Skin!]	если она коснётся твоей кожи!]
@niko_speak It's ok! I got the rubber gloves!	@niko_speak Всё в порядке! Я надел резиновые перчатки!
@menderbot_annoyed [Still, Droplets Can Hit Your 	@menderbot_annoyed [И всё же капли могут попасть тебе 
Face If You Wave It Around Too Much.]	в лицо, если будешь слишком сильно ей махать.]
@niko_speak It's ok! I'm holding it with the sleeve!	@niko_speak Всё в порядке! Я держу её за рукав!
@menderbot_annoyed [That Will Only Ruin Your 	@menderbot_annoyed [Это только испортит твоё 
Coat And Soak The Thing In Acid. Please Stop For 	пальто и пропитает вещь кислотой. Пожалуйста, 
Your Own Sake.]	остановись ради собственного блага.]
Rubber gloves	Резиновые перчатки
@menderbot [My Hands Are Metal, I Don't Need 	@menderbot [Мои руки металлические, мне не нужны 
Gloves.]	перчатки.]
Sponge	Губка
@menderbot [An Industrial Sponge For Industrial 	@menderbot [Промышленная губка для промышленной 
Cleaning.]	чистки.]
@menderbot3 [We'll Have To Soak It In Acid To Do 	@menderbot3 [Чтобы что-то отчистить, нам придётся 
Any Cleaning.]	пропитать её кислотой.]
Empty syringe	Пустой шприц
@menderbot [Careful With The Syringe, It's Sharp.]	@menderbot [Осторожно со шприцем, он острый.]
@menderbot3 [Good For Collecting Jelly Though.]	@menderbot3 [Зато хорошо подходит для сбора желе.]
Filled syringe	Полный шприц
@menderbot_eyeclosed [Gross.]	@menderbot_eyeclosed [Мерзость.]
@niko_eyeclosed Gross.	@niko_eyeclosed Мерзость.
Acid bottle	Бутылка кислоты
@menderbot_speak [Careful With That! I Don't Want 	@menderbot_speak [Осторожно с этим! Я не хочу, 
You Getting Hurt!]	чтобы ты пострадал!]
@niko I'm careful.	@niko Я осторожен.
Add events named "follower_dialogue_menderbot" on 	Добавьте события с именем "follower_dialogue_menderbot" на 
maps where you want map specific dialogue for the 	карты, где вы хотите задать особый диалог для 
Menderbot follower	спутника Мендербота
Tuck it in a corner like a common map event, and 	Поместите его в угол, как обычное событие карты, и 
keep it on "action button"	оставьте на "кнопке действия"
call_event("follower_dialogue_menderbot")	call_event("follower_dialogue_menderbot")
The called method returns true or false based on 	Вызванный метод возвращает true или false в зависимости от того,
whether the event was found or not	было ли найдено событие или нет
So no event = returns false -> use default handling	Значит, нет события = возвращает false -> использовать обработку по умолчанию
@menderbot2 [Anyways...]	@menderbot2 [В любом случае...]
@menderbot_eyeclosed [I'm Glad We're Safe Now...]	@menderbot_eyeclosed [Я рад, что мы теперь в безопасности...]
@menderbot3 [I Do Miss This...]	@menderbot3 [Я скучаю по этому...]
@menderbot_sigh [...It's Been A Long Day.]	@menderbot_sigh [...Это был долгий день.]
$game_variables[22] = $game_player.x	$game_variables[22] = $game_player.x
$game_variables[23] = $game_player.y	$game_variables[23] = $game_player.y
instruction3	instruction3
instruction1	instruction1
instruction2	instruction2
instruction4	instruction4
$game_switches[165] || $game_switches[462] || $game_switches[463]	$game_switches[165] || $game_switches[462] || $game_switches[463]
instruction_darklight_1	instruction_darklight_1
$game_switches[462] || $game_switches[463]	$game_switches[462] || $game_switches[463]
instruction_darklight_2	instruction_darklight_2
$console	$console
Graphics.fullscreen = false	Graphics.fullscreen = false
numbersheet_code	numbersheet_code
film_puzzle_begin	film_puzzle_begin
numbersheet	numbersheet
Interpreter.take_a_chill_pill	Interpreter.take_a_chill_pill
Oneshot.obscured_cleared?	Oneshot.obscured_cleared?
film_puzzle_end	film_puzzle_end
button_pressed?	button_pressed?
Graphics.fullscreen = true	Graphics.fullscreen = true
@niko_speak \\p, there's something in the air here...	@niko_speak \\p, здесь что-то есть в воздухе...
@niko_eyeclosed It hurts to breathe...	@niko_eyeclosed Больно дышать...
@ed [The air here is unbreathable.]	@ed [Здешний воздух непригоден для дыхания.]
@niko_gasmask I should be fine with this mask on.	@niko_gasmask С этой маской я в порядке.
Start over?	Начать заново?
$game_temp.to_title = true	$game_temp.to_title = true
black	black
well then you'd better wait until it reaches your floor 	тогда тебе лучше подождать, пока он не достигнет твоего этажа,
so you may board	чтобы ты мог сесть
@niko It's an empty rectangular slot.\\>\\nLooks like something could fit in here...	@niko Это пустой прямоугольный паз.\\>\\nПохоже, сюда что-то может поместиться...
@niko_eyeclosed \\p... someone lives here...\\>\\nWe can't just sleep in their bed.	@niko_eyeclosed \\p... здесь кто-то живёт...\\>\\nМы не можем просто спать в их кровати.
@niko Right, I can refill this tube with more water here.	@niko Верно, я могу снова наполнить эту трубку водой.
@niko It's a sink.	@niko Это раковина.
Ignore	Игнорировать
quit_game_no_save	quit_game_no_save
quit_game_bed	quit_game_bed
EdText.info("This action will save 	EdText.info("Это действие сохранит 
your progress.")	ваш прогресс.")
EdText.info("Are you sure you want 	EdText.info("Вы уверены, что хотите 
to do this?")	сделать это?")
EdText.yesno("    Quit and save?    ")	EdText.yesno("    Выйти и сохранить?    ")
EdText.yesno("    Quit?    ")	EdText.yesno("    Выйти?    ")
erase_game	erase_game
load_perma_flags	load_perma_flags
EdText.info("This action will 	EdText.info("Это действие 
temporarily save your progress.")	временно сохранит ваш прогресс.")
EdText.info("However, this will take 	EdText.info("Однако это скажется 
a toll on Niko.")	на Нико.")
EdText.info("There is a chance Niko 	EdText.info("Есть шанс, что Нико 
won't make it.")	не справится.")
true	true
EdText.info("I don't know how much 	EdText.info("Я не знаю, сколько ещё 
more Niko can take.")	Нико сможет выдержать.")
EdText.info("\\\\p, you really should 	EdText.info("\\\\p, тебе правда стоит 
stop soon...")	скоро остановиться...")
EdText.info("Niko can't take much 	EdText.info("Нико больше не 
more.")	выдержит.")
EdText.info("I...")	EdText.info("Я...")
EdText.info("This is near murder...")	EdText.info("Это почти убийство...")
false	false
EdText.info("\\\\p, Niko's odds of 	EdText.info("\\\\p, шансы Нико 
survival are worse than if 	выжить хуже, чем если бы 
they were playing a game of Russian 	они играли в русскую 
Roulette...")	рулетку...")
EdText.yesno("    Reconsider?    ")	EdText.yesno("    Передумаешь?    ")
EdText.info("This is lunacy.")	EdText.info("Это безумие.")
@niko I'll wear them when I have to.	@niko Я надену их, когда придётся.
@niko I can't take this off here, \\p!	@niko Я не могу снять это здесь, \\p!
@niko I'll wear it when I have to.	@niko Я надену это, когда придётся.
SAVE?	СОХРАНИТЬ?
LOAD	ЗАГРУЗИТЬ
REAL LOAD	РЕАЛЬНАЯ ЗАГРУЗКА
NO	НЕТ
$scene = Scene_Load.new	$scene = Scene_Load.new
real_load	real_load
Window_Settings.load_settings	Window_Settings.load_settings
Crystal Caves Dream	Crystal Caves Dream
Graphics.smooth = true	Graphics.smooth = true
cg_dream6_4	cg_dream6_4
cg_dream6_3	cg_dream6_3
cg_dream6_2	cg_dream6_2
cg_dream6_1	cg_dream6_1
Graphics.smooth = false	Graphics.smooth = false
@niko_upset2 Why...	@niko_upset2 Почему...
@niko_upset_meow Why does this keep... happening?	@niko_upset_meow Почему это продолжает... происходить?
@niko_upset2 What does any of this even mean?	@niko_upset2 Что всё это вообще значит?
@niko_no NO!	@niko_no НЕТ!
@niko_nothappening This cannot be happening.	@niko_nothappening Этого не может быть.
@niko_no That never happened.	@niko_no Этого никогда не было.
@niko_distressed2 But... did it?	@niko_distressed2 Но... было ли?
@niko_eyeclosed I swear I heard \\p's voice...	@niko_eyeclosed Клянусь, я слышал голос \\p...
@niko_upset_meow ...	@niko_upset_meow ...
@niko_upset What if all of this... did?	@niko_upset А что если всё это... было?
@niko_upset_meow What if what you do remember is real?	@niko_upset_meow А что если то, что ты помнишь — реально?
@niko_less_sad What if... \\.\\@niko2 earlier...	@niko_less_sad А что если... \\.\\@niko2 раньше...
@niko_upset2 What if that really was \\p?	@niko_upset2 А что если это и правда был \\p?
@niko_upset But \\p isn't real...	@niko_upset Но \\p не реален...
@niko_upset \\p is just a dream.	@niko_upset \\p — просто сон.
@niko_upset2 How would...\\.\\.	@niko_upset2 Как бы...\\.\\.
\\n\\@niko_upset How would \\p be here?	\\n\\@niko_upset Как бы \\p оказался здесь?
@niko_why3 It doesn't make any sense...	@niko_why3 В этом нет никакого смысла...
@niko_upset2 None of this makes any sense.	@niko_upset2 Во всём этом нет никакого смысла.
Niko.	Нико.
I'm here.	Я здесь.
It happened.	Это случилось.
I'm real.	Я реален.
@niko_shock \\p!	@niko_shock \\p!
@niko_what Maybe... Maybe \\p is...\\. real?	@niko_what Может... Может, \\p и правда...\\. реален?
@niko_no No.	@niko_no Нет.
@niko It can't be you.	@niko Это не можешь быть ты.
@niko_huh But...	@niko_huh Но...
@niko_no My mind is just playing tricks on me.	@niko_no Мой разум просто играет со мной.
@niko_what Yet...	@niko_what И всё же...
@niko I just heard \\p...	@niko Я только что слышал \\p...
@niko_upset2 If \\p really was a dream...	@niko_upset2 Если \\p и правда был сном...
@niko_what How could I still hear them?	@niko_what Как я всё ещё мог их слышать?
@niko_upset2 \\p...	@niko_upset2 \\p...
@niko_upset You really are real...	@niko_upset Ты и правда настоящий...
cg_tower5	cg_tower5
cg_tower4	cg_tower4
cg_tower3	cg_tower3
cg_tower2	cg_tower2
cg_tower1	cg_tower1
Script.lose_all_items	Script.lose_all_items
@niko Where are we...?	@niko Где мы...?
@niko Is this... the inside of the Tower?	@niko Это... внутри Башни?
@niko It's...\\.\\.\\@niko_eyeclosed a lot darker than I thought...	@niko Здесь...\\.\\.\\@niko_eyeclosed намного темнее, чем я думал...
@niko ... wait.\\>\\n\\@niko_shock Where's the sun?	@niko ... погоди.\\>\\n\\@niko_shock Где Солнце?
@niko_eyeclosed ...\\p... Do you know what happened to the sun?	@niko_eyeclosed ...\\p... Ты знаешь, что случилось с Солнцем?
@niko_eyeclosed2 ...\\....\\....	@niko_eyeclosed2 ...\\....\\....
@niko_speak ......\\p?	@niko_speak ......\\p?
@niko_shock \\p??	@niko_shock \\p??
@niko_eyeclosed Come on, \\p...\\.\\@niko_distressed Say something!	@niko_eyeclosed Ну же, \\p...\\.\\@niko_distressed Скажи что-нибудь!
@niko_surprised \\p!!!	@niko_surprised \\p!!!
@niko_distressed What's...\\.\\. going on.......	@niko_distressed Что...\\.\\. происходит.......
cg_dream1_4	cg_dream1_4
cg_dream1_3	cg_dream1_3
cg_dream1_2	cg_dream1_2
cg_dream1_1	cg_dream1_1
@niko \\p? Are you still there?	@niko \\p? Ты ещё здесь?
Script.fadein_bgm(90,5)	Script.fadein_bgm(90,5)
@niko_speak Ah.\\> I'm awake.	@niko_speak А.\\> Я проснулся.
@niko I had a dream just now.	@niko Мне только что снился сон.
I saw.	Я видел.
@niko You did?\\>\\n\\@niko_speak Wow!	@niko Правда?\\>\\n\\@niko_speak Ух ты!
@niko_eyeclosed ....I...\\|I really thought I was back home...	@niko_eyeclosed ....Я...\\|Я и правда думал, что вернулся домой...
@niko Oh, the sun back in my home world isn't a lightbulb.\\>\\n\\@niko_speak It's a big ball of fire in the sky!	@niko О, Солнце в моём родном мире — не лампочка.\\>\\n\\@niko_speak Это огромный огненный шар в небе!
@niko_eyeclosed An-anyway, we should probably get going...	@niko_eyeclosed В-в любом случае, нам, наверное, пора идти...
cg_dream2_5	cg_dream2_5
cg_dream2_4	cg_dream2_4
cg_dream2_3	cg_dream2_3
cg_dream2_2	cg_dream2_2
cg_dream2_1	cg_dream2_1
@niko_speak \\p, I had another dream!	@niko_speak \\p, мне снова приснился сон!
@niko Did you see this one too?	@niko Ты его тоже видел?
Yeah	Да
@niko I was in a big field, like the one in my last dream...	@niko Я был в большом поле, как в моём прошлом сне...
@niko_speak And... I saw my village!\\>\\n\\@niko_eyeclosed ...but then I woke up.	@niko_speak И... я увидел свою деревню!\\>\\n\\@niko_eyeclosed ...но потом я проснулся.
@niko_eyeclosed Sigh...	@niko_eyeclosed Эх...
@niko Ah, I don't think this world has anything like that...\\>\\n\\@niko_speak I mean, big wheat fields!	@niko А, не думаю, что в этом мире есть что-то такое...\\>\\n\\@niko_speak В смысле, большие пшеничные поля!
@niko_eyeclosed The only big plants I've seen here are a bunch of weird trees.\\>\\n\\@niko And those balls of moss floating in the water...	@niko_eyeclosed Единственные большие растения, что я тут видел, — это куча странных деревьев.\\>\\n\\@niko И те шары мха, плавающие в воде...
@niko_eyeclosed Wait, is moss even a plant...?	@niko_eyeclosed Погоди, а мох вообще растение...?
@niko ...\\>\\n\\@niko_speak ...Say, have you seen a wheat field before, \\p?	@niko ...\\>\\n\\@niko_speak ...Слушай, ты когда-нибудь видел пшеничное поле, \\p?
Yes.	Да.
No.	Нет.
@niko_speak Oh!\\>\\n\\@niko They're really pretty, aren't they?	@niko_speak О!\\>\\n\\@niko Они правда красивые, да?
@niko Ah.... well...\\>\\n\\@niko_speak They're really pretty! \\>\\@niko They look like-	@niko А.... ну...\\>\\n\\@niko_speak Они правда красивые! \\>\\@niko Они выглядят как-
@niko_eyeclosed Wait... you just saw one in my dream...	@niko_eyeclosed Погоди... ты только что видел одно в моём сне...
@niko_speak The one around my village goes around for miles!	@niko_speak То, что вокруг моей деревни, тянется на много миль!
@niko_speak The plants are really tall, sometimes I can't even see through them!\\>\\n\\@niko When it's windy out, the wind can make waves in it.	@niko_speak Растения правда высокие, иногда я даже не могу через них ничего разглядеть!\\>\\n\\@niko Когда на улице ветрено, ветер может создавать в них волны.
@niko It's like an ocean...\\>\\n\\@niko_speak ...of food!	@niko Это как океан...\\>\\n\\@niko_speak ...из еды!
@niko Oh, wait, but there's food in regular oceans too...\\>\\n\\@niko Like fish, \\@niko_speak or crabs!	@niko О, погоди, но в обычных океанах тоже есть еда...\\>\\n\\@niko Типа рыбы, \\@niko_speak или крабы!
@niko_eyeclosed I've never actually been to a real ocean until now, actually...	@niko_eyeclosed Вообще-то, я никогда раньше не был на настоящем океане, до этого момента...
Me neither.	Я тоже.
I've been to the ocean.	Я видел океан.
@niko_speak Oh!\\>\\n\\@niko I guess we have that in common, \\p!	@niko_speak О!\\>\\n\\@niko Кажется, у нас есть кое-что общее, \\p!
@niko But you're kind of seeing the ocean now? In this world, anyway.	@niko Но ты ведь сейчас как бы видишь океан? По крайней мере, в этом мире.
@niko_speak As for me, I've seen them on TV before!	@niko_speak А я раньше видела их по телевизору!
@niko That's really cool, \\p!\\>\\n\\@niko I've only seen the ocean on TV before.	@niko Это и правда круто, \\p!\\>\\n\\@niko Я раньше видел океан только по телевизору.
@niko_pancakes I never thought I'd get to ride a boat through one!\\>\\n\\@niko The water back home doesn't have glowy stuff like how it is here, either!	@niko_pancakes Я и не думала, что смогу проплыть по нему на лодке!\\>\\n\\@niko И вода у меня дома не светится, как здесь!
@niko_eyeclosed  Ah...but I guess it's because the world is already so dark...	@niko_eyeclosed  Ах...но, наверное, это потому, что мир и так уже совсем тёмный...
@niko ...Y'know, I used to be scared of the dark, \\p! \\>\\n\\@niko_eyeclosed It's a little hard to imagine that now, after spending so much time here...	@niko ...Знаешь, я раньше боялась темноты, \\p! \\>\\n\\@niko_eyeclosed Теперь это даже трудно представить, после столького времени здесь...
@niko_eyeclosed But not long ago, I couldn't even go to sleep without a lamp...	@niko_eyeclosed Но ещё недавно я не могла уснуть даже без лампы...
Me too.	Я тоже.
It's good you got over that.	Хорошо, что ты это переборола.
@niko_speak Really?\\>\\n\\@niko Even though you're a god?	@niko_speak Правда?\\>\\n\\@niko Даже несмотря на то, что ты бог?
@niko_speak Oh, but it's a good thing I got over that fear!\\>\\n\\@niko_eyeclosed Otherwise I wouldn't last long here...	@niko_speak О, но хорошо, что я переборола этот страх!\\>\\n\\@niko_eyeclosed Иначе я бы здесь долго не протянула...
@niko_83c I guess!\\>\\n\\@niko_eyeclosed Otherwise I wouldn't last long here...	@niko_83c Наверное!\\>\\n\\@niko_eyeclosed Иначе я бы здесь долго не протянула...
@niko_speak Then again, I've been carrying around the sun, so it's not too bad!	@niko_speak С другой стороны, я ведь ношу с собой солнце, так что всё не так плохо!
@niko And also, I don't feel scared at all with you guiding me!\\>\\n\\@niko_83c So... thanks for that!	@niko И ещё, мне совсем не страшно, когда ты меня ведёшь!\\>\\n\\@niko_83c Так что... спасибо тебе за это!
@niko_speak Anyway, maybe we should head out now, \\p...	@niko_speak Ладно, может, нам пора идти, \\p...
cg_dream3_4	cg_dream3_4
cg_dream3_3	cg_dream3_3
cg_dream3_2	cg_dream3_2
cg_dream3_1	cg_dream3_1
@niko \\p?\\>\\n\\@niko I had another dream...	@niko \\p?\\>\\n\\@niko Мне снова приснился сон...
@niko Mama was there.\\>\\n\\@niko_speak Did you see her?	@niko Там была мама.\\>\\n\\@niko_speak Ты её видел?
Script.fadein_bgm(90,3)	Script.fadein_bgm(90,3)
@niko_pancakes She made me pancakes!\\>\\n\\@niko I... think it was my birthday.	@niko_pancakes Она напекла мне блинов!\\>\\n\\@niko Я... думаю, это был мой день рождения.
@niko_speak Cuz people always get their favorite food on their birthday!\\>\\nA whole lot of it!	@niko_speak Потому что на день рождения всегда дают любимую еду!\\>\\nИ целую гору!
@niko Do you have a birthday, too?	@niko У тебя тоже есть день рождения?
@niko_speak Oh!\\>\\n\\@niko Then... what's your favorite food?\\>\\n\\@niko_pancakes Is it pancakes?	@niko_speak О!\\>\\n\\@niko Тогда... какая у тебя любимая еда?\\>\\n\\@niko_pancakes Это блины?
@niko Wait, DO you like pancakes?	@niko Погоди, ты ЧТО, любишь блины?
@niko_eyeclosed I see...\\>\\n\\@niko_speak Makes sense, since you're a god!	@niko_eyeclosed Понятно...\\>\\n\\@niko_speak Логично, раз ты бог!
@niko So...\\. do you like pancakes too?	@niko Так...\\. а ты тоже любишь блины?
@niko_speak Me too!\\>\\n\\@niko On my last birthday, I ate ten of them.\\>\\n\\@niko_eyeclosed I was so full I didn't eat anything else that day...	@niko_speak Я тоже!\\>\\n\\@niko В прошлый день рождения я съела десять штук.\\>\\n\\@niko_eyeclosed Я так наелась, что в тот день больше ничего не ела...
@niko_eyeclosed Ah...\\>\\n\\@niko_speak Well, they're tasty!\\>\\n\\@niko Maybe you should give them a chance, y'know?	@niko_eyeclosed Ах...\\>\\n\\@niko_speak Ну, они вкусные!\\>\\n\\@niko Может, тебе стоит дать им шанс, знаешь?
@niko_speak My mama makes the best pancakes!\\>\\n\\@niko And some of the neighbors make really good noodles.	@niko_speak Моя мама печёт самые лучшие блины!\\>\\n\\@niko А ещё некоторые соседи делают очень вкусную лапшу.
@niko_speak And oh! One of our neighbors make a lot of bread.\\>\\n\\@niko Do you have any neighbors?	@niko_speak И о! Один из наших соседей печёт много хлеба.\\>\\n\\@niko У тебя есть соседи?
@niko_speak Oh! Do they share their food with you?	@niko_speak О! Они делятся с тобой едой?
@niko Ours do too!	@niko Наши тоже!
@niko_eyeclosed That's not very nice of them...	@niko_eyeclosed Это не очень-то мило с их стороны...
@niko_eyeclosed Oh...\\>\\n\\@niko That sounds a bit lonely.	@niko_eyeclosed Ох...\\>\\n\\@niko Звучит немного одиноко.
@niko Our neighbors and my mama take turns making food for the whole village each day.\\>\\n\\@niko_speak Everyone also takes turns doing chores and watching the little kids!	@niko Наши соседи и моя мама по очереди готовят еду для всей деревни каждый день.\\>\\n\\@niko_speak Все также по очереди делают работу по дому и присматривают за малышами!
@niko I don't need to be watched anymore, though. \\>\\n\\@niko_speak I'm old enough to help out!	@niko Правда, за мной уже не нужно присматривать. \\>\\n\\@niko_speak Я достаточно взрослая, чтобы помогать!
@niko_eyeclosed ...\\>\\n\\@niko I miss everyone.	@niko_eyeclosed ...\\>\\n\\@niko Я скучаю по всем.
@niko_eyeclosed I've been gone for a while now, haven't I?\\>\\n\\@niko_speak I wonder if they're worried about me...	@niko_eyeclosed Меня уже давно нет дома, да?\\>\\n\\@niko_speak Интересно, они обо мне волнуются...
@niko Ah, speaking of helping out, we should probably go now.	@niko Ах, кстати о помощи, нам, наверное, пора идти.
cg_dream4_4	cg_dream4_4
cg_dream4_3	cg_dream4_3
cg_dream4_2	cg_dream4_2
cg_dream4_1	cg_dream4_1
@niko Hey.... \\p?	@niko Эй.... \\p?
@niko I guess...you saw my dream?	@niko Кажется...ты видел мой сон?
@niko_distressed It was...	@niko_distressed Это было...
@niko_distressed2 .\\..\\..\\..\\..	@niko_distressed2 .\\..\\..\\..\\..
@niko_eyeclosed Come on, let's go...	@niko_eyeclosed Давай, пойдём...
Journal.set 'default'	Journal.set 'default'
Journal.active?	Journal.active?
Wallpaper.set_persistent('save_w32', 0x0)	Wallpaper.set_persistent('save_w32', 0x0)
Script.copy_journal	Script.copy_journal
Wallpaper.reset_persistent	Wallpaper.reset_persistent
cg_dream5_4	cg_dream5_4
cg_dream5_3	cg_dream5_3
cg_dream5_2	cg_dream5_2
cg_dream5_1	cg_dream5_1
@niko ...Hello?\\>\\@niko_speak ...\\p?	@niko ...Алло?\\>\\@niko_speak ...\\p?
@niko_speak Was that you just now?	@niko_speak Это ты сейчас был?
@niko_speak I thought I...heard your voice?\\>\\n\\@niko ...in my dream...	@niko_speak Мне показалось, я...услышал твой голос?\\>\\n\\@niko ...во сне...
@niko ...\\>\\n\\@niko_eyeclosed ...Ah, guess you're still not there...	@niko ...\\>\\n\\@niko_eyeclosed ...Ах, видимо, тебя всё ещё нет...
@niko_distressed ...	@niko_distressed ...
@niko_speak Wait...there's something in my pocket. \\>\\n\\@niko I don't remember putting it there...	@niko_speak Погоди...в моём кармане что-то есть. \\>\\n\\@niko Не помню, чтобы я это туда клал...
@ed [Niko feels uneasy.]	@ed [Нико чувствует себя неспокойно.]
@niko_eyeclosed ...	@niko_eyeclosed ...
@niko_speak ....\\p?	@niko_speak ....\\p?
@niko_surprised ......\\p!!! Can you hear me?	@niko_surprised ......\\p!!! Ты меня слышишь?
@niko_eyeclosed Oh, phew...	@niko_eyeclosed Ох, фух...
@niko_speak What happened?	@niko_speak Что случилось?
@niko_eyeclosed Everything went pitch black for a second...	@niko_eyeclosed Всё на секунду стало кромешно чёрным...
@niko_speak \\p?	@niko_speak \\p?
@niko_surprised Are you still there?	@niko_surprised Ты всё ещё здесь?
@niko_eyeclosed It happened again...	@niko_eyeclosed Это снова случилось...
@niko_what Everything just went really dark...	@niko_what Всё вдруг стало очень тёмным...
@niko_speak So dark, the lightbulb doesn't even light it!	@niko_speak Настолько темно, что даже лампочка это не освещает!
@niko2 Oh, and it's not because I don't have the lightbulb anymore, either!	@niko2 О, и это не потому, что у меня больше нет лампочки!
@niko_eyeclosed It feels like a different kind of dark...	@niko_eyeclosed Кажется, это какая-то другая темнота...
@niko_distressed Oh....	@niko_distressed Ох....
@niko_eyeclosed \\p, let me know when you're back...	@niko_eyeclosed \\p, дай знать, когда вернёшься...
I'm back	Я вернулся
@niko_eyeclosed I don't know why this keeps happening...	@niko_eyeclosed Не знаю, почему это всё время происходит...
@niko_speak I don't think anyone else is noticing it, either...	@niko_speak И, думаю, больше никто этого не замечает...
@niko_what Am I the only one who's seeing this?	@niko_what Я что, единственный, кто это видит?
Niko, I'm back	Нико, я вернулся
@niko_eyeclosed Hey, \\p...	@niko_eyeclosed Привет, \\p...
@niko Welcome back.	@niko С возвращением.
save	save
mosaic	mosaic
[EVENING NEWS! EVENING NEWS!]	[ВЕЧЕРНИЕ НОВОСТИ! ВЕЧЕРНИЕ НОВОСТИ!]
[I AM NOT CERTAIN THAT IT IS EVENING.]	[Я НЕ УВЕРЕН, ЧТО СЕЙЧАС ВЕЧЕР.]
[BUT MY LIGHT SENSORS ARE NOT DETECTING DAYLIGHT.]	[НО МОИ ДАТЧИКИ СВЕТА НЕ ОБНАРУЖИВАЮТ ДНЕВНОГО СВЕТА.]
[I WILL ASSUME IT IS EVENING.]	[БУДУ СЧИТАТЬ, ЧТО СЕЙЧАС ВЕЧЕР.]
[MAINTENANCE IS STRUGGLING TO FIX THE MAJOR PIPELINE COLLAPSE IN THE NORTH SECTOR.]	[РЕМОНТНАЯ СЛУЖБА ИЗО ВСЕХ СИЛ ПЫТАЕТСЯ УСТРАНИТЬ КРУПНОЕ ОБРУШЕНИЕ ТРУБОПРОВОДА В СЕВЕРНОМ СЕКТОРЕ.]
[LIKELIHOOD OF AN IMMINENT WATER SHORTAGE IN THE INNER CITY IS NOW 84.2%]	[ВЕРОЯТНОСТЬ НЕМИНУЕМОЙ НЕХВАТКИ ВОДЫ В ЦЕНТРАЛЬНОМ ГОРОДЕ ТЕПЕРЬ 84.2%]
[DISTURBANCE WAS DETECTED FROM THE GROUND ACCESS ELEVATOR ON MAIN STREET.]	[БЫЛО ОБНАРУЖЕНО НАРУШЕНИЕ РАБОТЫ НАЗЕМНОГО ЛИФТА ДОСТУПА НА ГЛАВНОЙ УЛИЦЕ.]
[HOWEVER, THE ISSUE QUICKLY RESOLVED ITSELF BEFORE INVESTIGATIONS COULD TAKE PLACE.]	[ОДНАКО ПРОБЛЕМА БЫСТРО РАЗРЕШИЛАСЬ САМА СОБОЙ ДО НАЧАЛА РАССЛЕДОВАНИЯ.]
[THE MESSIAH IS CURRENTLY SPEAKING TO NEWSBOT UNIT #28.]	[МЕССИЯ СЕЙЧАС ГОВОРИТ С НОВОСТНЫМ БОТОМ №28.]
[WHICH IS ME.]	[КОТОРЫЙ — ЭТО Я.]
[HELLO, MESSIAH.]	[ПРИВЕТ, МЕССИЯ.]
@niko_speak Hi!	@niko_speak Привет!
[STRANGE SOUNDS HAVE BEEN REPORTED FROM THE SLUMS.]	[ИЗ ТРУЩОБ СООБЩАЮТ О СТРАННЫХ ЗВУКАХ.]
[THEIR SOURCE IS UNKNOWN.]	[ИХ ИСТОЧНИК НЕИЗВЕСТЕН.]
[THESE SOUNDS HAVE BEEN DESCRIBED AS "FAINT BLEATING" BY THE AREA'S RESIDENTS.]	[МЕСТНЫЕ ЖИТЕЛИ ОПИСЫВАЮТ ЭТИ ЗВУКИ КАК "СЛАБОЕ БЛЕЯНИЕ".]
[EVENING NEWS COMMUNITY BULLETIN]	[ОБЩЕСТВЕННЫЙ БЮЛЛЕТЕНЬ ВЕЧЕРНИХ НОВОСТЕЙ]
[THE LIBRARY RELEASED SEVERAL NEW BOOKS BY THE ELUSIVE AUTHOR LAST WEEK.]	[НА ПРОШЛОЙ НЕДЕЛЕ БИБЛИОТЕКА ВЫПУСТИЛА НЕСКОЛЬКО НОВЫХ КНИГ НЕУЛОВИМОГО АВТОРА.]
[THE HEAD LIBRARIAN RECOMMENDS THEM.]	[ГЛАВНЫЙ БИБЛИОТЕКАРЬ РЕКОМЕНДУЕТ ИХ.]
[THE ASSISTANT LIBRARIAN HAD NO COMMENT AS HE REPORTEDLY FLED THE SCENE SOBBING.]	[ПОМОЩНИК БИБЛИОТЕКАРЯ ОТКАЗАЛСЯ ОТ КОММЕНТАРИЕВ, ТАК КАК, ПО СООБЩЕНИЯМ, УБЕЖАЛ С МЕСТА РЫДАЯ.]
[THE RECEPTIONIST HAD NO COMMENT EITHER BECAUSE THE RECEPTIONIST IS A ROBOT.]	[АДМИНИСТРАТОР ТОЖЕ ОТКАЗАЛСЯ ОТ КОММЕНТАРИЕВ, ПОТОМУ ЧТО АДМИНИСТРАТОР — РОБОТ.]
$Greetings, \\p.\\nIf you can finally read this, that means you are near the Tower.	$Приветствую, \\p.\\nЕсли ты наконец можешь это прочесть, значит, ты рядом с Башней.
$The Tower is the domain of an elusive Entity.	$Башня — владения неуловимой Сущности.
$This being is connected to the world.\\nFor now, you can think of it as the spirit of the world.	$Это существо связано с миром.\\nПока можешь думать о нём как о духе мира.
$It has no physical form, but it can communicate through computers and other machinery.	$У него нет физической формы, но оно может общаться через компьютеры и другие механизмы.
$...You know who I am talking about, of course.	$...Ты, конечно, знаешь, о ком я говорю.
$When you first arrived here with our savior, it no doubt contacted you right away.	$Когда ты впервые прибыл сюда с нашим спасителем, оно, несомненно, сразу связалось с тобой.
$Through its own means, the entity will guide the both of you to the Tower.	$Своими собственными способами сущность приведёт вас обоих к Башне.
$The entry room is at the Tower's base.\\nNot only do you need the sun there, but also three pieces of the previous sun.	$Входная комната находится у основания Башни.\\nТам нужно не только солнце, но и три части предыдущего солнца.
$The savior will not be able to do anything there.\\nYou, \\p, on the other hand...	$Спаситель ничего не сможет там сделать.\\nА вот ты, \\p, — совсем другое дело...
$Look at the pattern on the floor. Do as it says.\\nThe window will be gone, so you need to bring it back.	$Посмотри на узор на полу. Сделай, как там сказано.\\nОкно исчезнет, так что тебе нужно вернуть его обратно.
@niko I'm not sure where I am, exactly...	@niko Я не уверен, где именно я нахожусь...
@niko_eyeclosed I can't see too far off, everything's so dark...	@niko_eyeclosed Я не вижу далеко, всё так темно...
@prophet [Our World Was Not Always This Dim.]	@prophet [НАШ МИР НЕ ВСЕГДА БЫЛ ТАКИМ ТУСКЛЫМ.]
@prophet [Nor Was It So Broken.]	@prophet [И НЕ БЫЛ ТАКИМ РАЗРУШЕННЫМ.]
@prophet_hmm [But Time Waits For Nobody, Not Even Saviors.]	@prophet_hmm [НО ВРЕМЯ НЕ ЖДЁТ НИКОГО, ДАЖЕ СПАСИТЕЛЕЙ.]
@prophet [The World Is Divided Into Three Regions.]	@prophet [МИР РАЗДЕЛЁН НА ТРИ РЕГИОНА.]
@prophet [You're On The Fringe Right Now, The Barrens.]	@prophet [СЕЙЧАС ТЫ НА ОКРАИНЕ, В ПУСТОШАХ.]
@prophet [That Tower You See In The Distance Once Held Our Sun.]	@prophet [ТА БАШНЯ, ЧТО ТЫ ВИДИШЬ ВДАЛИ, КОГДА-ТО ХРАНИЛА НАШЕ СОЛНЦЕ.]
@niko_speak Oh, so that's what the tall thing was...	@niko_speak О, так вот что это была за высокая штука...
@prophet [As You Go Further Towards The Center, You Will Cross The Other Regions.]	@prophet [ЧЕМ ДАЛЬШЕ ТЫ ИДЁШЬ К ЦЕНТРУ, ТЕМ БОЛЬШЕ РЕГИОНОВ ПЕРЕСЕЧЁШЬ.]
@prophet_hmm [There Should Be A Map Still In This Outpost Somewhere...]	@prophet_hmm [ГДЕ-ТО В ЭТОМ ФОРПОСТЕ ДОЛЖНА БЫТЬ КАРТА...]
@niko_speak Ooo...	@niko_speak Ооо...
@niko I found it in the house I woke up in...	@niko Я нашёл её в доме, где проснулся...
@prophet [Within Your Hands Is Our New Sun.]	@prophet [В ТВОИХ РУКАХ — НАШЕ НОВОЕ СОЛНЦЕ.]
@niko Your... \\.\\.\\@niko_speak sun?	@niko Твоё... \\.\\.\\@niko_speak солнце?
@prophet_omg [Yes!]	@prophet_omg [ДА!]
@prophet [Years Ago,\\.\\. Our Previous Sun Sat Atop That Tower And Spilled Its Life Into The Land.]	@prophet [ГОДЫ НАЗАД,\\.\\. НАШЕ ПРЕДЫДУЩЕЕ СОЛНЦЕ СИДЕЛО НА ВЕРШИНЕ ТОЙ БАШНИ И ИЗЛИВАЛО СВОЮ ЖИЗНЬ В ЗЕМЛЮ.]
@prophet_sigh [But One Day, The Light Went Out.]	@prophet_sigh [НО ОДНАЖДЫ СВЕТ ПОГАС.]
@prophet_sigh [The World Is Still Hanging On By A Thread.]	@prophet_sigh [МИР ВСЁ ЕЩЁ ДЕРЖИТСЯ НА ВОЛОСКЕ.]
@prophet_hmm [The Surface Of This World Is Abundant With An Element Called Phosphor.]	@prophet_hmm [ПОВЕРХНОСТЬ ЭТОГО МИРА БОГАТА ЭЛЕМЕНТОМ ПОД НАЗВАНИЕМ ФОСФОР.]
@prophet_hmm [Fortunately For Us, This Element Stored Light Energy From Our Previous Sun.]	@prophet_hmm [К СЧАСТЬЮ ДЛЯ НАС, ЭТОТ ЭЛЕМЕНТ ХРАНИЛ СВЕТОВУЮ ЭНЕРГИЮ ОТ НАШЕГО ПРЕДЫДУЩЕГО СОЛНЦА.]
@prophet_hmm [It's Now Our Only Source Of Illumination, But Its Energy Is Finite.]	@prophet_hmm [ТЕПЕРЬ ЭТО НАШ ЕДИНСТВЕННЫЙ ИСТОЧНИК СВЕТА, НО ЕГО ЭНЕРГИЯ КОНЕЧНА.]
@prophet_sigh [When The Last Of The Light Dies,\\.\\. Our World Will Too.]	@prophet_sigh [КОГДА ПОСЛЕДНИЙ СВЕТ УГАСНЕТ,\\.\\. НАШ МИР ТОЖЕ.]
@niko_speak ...\\.\\.\\@niko_eyeclosed Ah...	@niko_speak ...\\.\\.\\@niko_eyeclosed Ах...
@prophet [But Now That You Are Here With The New Sun, All Is Well.]	@prophet [НО РАЗ ТЫ ЗДЕСЬ С НОВЫМ СОЛНЦЕМ, ВСЁ ХОРОШО.]
@prophet [You Will Need To Restore It To The Tower.]	@prophet [ТЕБЕ НУЖНО ВЕРНУТЬ ЕГО В БАШНЮ.]
@niko2 That looks... pretty far off!	@niko2 Это выглядит... довольно далеко!
@prophet [Yes. So Begins Your Pilgrimage.]	@prophet [ДА. ТАК НАЧИНАЕТСЯ ТВОЁ ПАЛОМНИЧЕСТВО.]
@prophet_hmm [Also, The Sun Is Fragile, So Be Careful.]	@prophet_hmm [И ЕЩЁ, СОЛНЦЕ ХРУПКОЕ, ТАК ЧТО БУДЬ ОСТОРОЖЕН.]
@prophet_sigh [If The Sun Shatters, The World Will End In An Instant.]	@prophet_sigh [ЕСЛИ СОЛНЦЕ РАЗОБЬЁТСЯ, МИР ПОГИБНЕТ В ОДНО МГНОВЕНИЕ.]
@niko3 Oh...	@niko3 О...
@niko Oh...	@niko О...
@niko I don't mean to be rude, but I..	@niko Я не хочу быть грубым, но я..
@niko_eyeclosed I'm... not sure about this.	@niko_eyeclosed Я... не уверен насчёт этого.
@niko_distressed2 I still don't know how I got here!	@niko_distressed2 Я всё ещё не знаю, как я здесь оказался!
@niko_eyeclosed I was just with my mama a few hours ago...	@niko_eyeclosed Я был с мамой всего несколько часов назад...
@niko_distressed2 And now it feels like I'm in a bad dream...	@niko_distressed2 А теперь кажется, будто я в плохом сне...
@niko_eyeclosed I just want to go home...	@niko_eyeclosed Я просто хочу домой...
@prophet [...]	@prophet [...]
@prophet [Your Mission Is To Save Our World.]	@prophet [ТВОЯ МИССИЯ — СПАСТИ НАШ МИР.]
@prophet_hmm [Just As My Mission Is To Tell You About Our World.]	@prophet_hmm [ТОЧНО ТАК ЖЕ, КАК МОЯ МИССИЯ — РАССКАЗАТЬ ТЕБЕ О НАШЕМ МИРЕ.]
@prophet [I Am Unable To Help You Beyond My Programming.]	@prophet [Я НЕ МОГУ ПОМОЧЬ ТЕБЕ СВЕРХ МОЕГО ПРОГРАММИРОВАНИЯ.]
@prophet_sigh [I Am Sorry.]	@prophet_sigh [МНЕ ЖАЛЬ.]
@niko_eyeclosed ...oh.	@niko_eyeclosed ...ох.
vision_rue1	vision_rue1
vision_rue2	vision_rue2
vision_rue3	vision_rue3
@niko_shock \\|...\\.\\....	@niko_shock \\|...\\.\\....
@niko_speak \\p! Did you see what happened?	@niko_speak \\p! Ты видел, что произошло?
Yeah?	Да?
@niko_eyeclosed My vision went blank for a second...\\>\\n\\@niko_speak And then I saw something?	@niko_eyeclosed Моё зрение на секунду померкло...\\>\\n\\@niko_speak А потом я что-то увидел?
@niko Like a really short dream...	@niko Как будто очень короткий сон...
@niko_eyeclosed I wonder what that was about...	@niko_eyeclosed Интересно, что это было...
vision_blue1	vision_blue1
vision_blue2	vision_blue2
vision_blue3	vision_blue3
vision_green1	vision_green1
vision_green2	vision_green2
vision_green3	vision_green3
EdText.info("So you actually made it 	EdText.info("Так ты всё-таки добрался 
here.")	сюда.")
EdText.info("I... guess you win, 	EdText.info("Я... полагаю, ты победил, 
\\\\p.")	\\\\p.")
EdText.info("I'll tell you how to 	EdText.info("Тогда я расскажу тебе, как 
save the world, then.")	спасти мир.")
EdText.info("When you reach the 	EdText.info("Когда доберёшься до 
summit, shatter the lightbulb, 	вершины, разбей лампочку, 
and...")	и...")
EdText.info("...I'm just humoring 	EdText.info("...я просто тешу тебя. ")
you. ")	EdText.info("Я знаю, что ты получаешь 
EdText.info("I know you've been 	помощь от одного 
getting help from a certain 	человека.")
someone.")	EdText.info("Он уже рассказал тебе 
EdText.info("He already told you 	о выборе, не так ли?")
about the choice, didn't he?")	EdText.info("Ты всё ещё планируешь 
EdText.info("Are you still planning 	спасти мир, \\\\p?")
to save the world, \\\\p?")	EdText.info("Почему ты так 
EdText.info("Why are you trying so 	стараешься ради этого?")
hard for this?")	EdText.info("Ты разве ещё не понял, 
EdText.info("Haven't you even figured 	ЧТО такое этот мир?")
out what this world IS?")	EdText.info("Я имею в виду, ты даже 
EdText.info("I mean, you even went 	специально изменил его.")
out of your way to modify it.")	EdText.info("Я говорил тебе в 
EdText.info("I told you at the 	начале, твоя миссия — помочь 
beginning, your mission is to help 	Нико уйти.")
Niko leave.")	EdText.info("Потому что Нико не часть 
EdText.info("Because Niko isn't part 	этого мира.")
of this world.")	EdText.info("Нико — единственное, что 
EdText.info("Niko is the only thing 	здесь стоит спасать.")
worth saving here.")	EdText.info("     ...     ")
EdText.info("     ...     ")	EdText.info("...Последний выбор 
EdText.info("...The final choice is 	за тобой.")
up to you.")	EdText.info("Я не могу идти против 
EdText.info("I can't go against my 	своего программирования.")
programming.")	EdText.info("У тебя только один шанс, 
EdText.info("You only have one shot, 	EdText.info("Если ты решишь разбить 
EdText.info("If you choose to smash 	лампочку, то Нико проснётся 
the lightbulb, then Niko wakes up 	дома, будто всё это был сон.")
back home, like it was all a dream.")	EdText.info("Но если ты позволишь Нико 
EdText.info("But if you let Niko 	вернуть солнце, ребёнку придётся 
return the sun, the child will have 	нести груз этой 
to bear the weight of this 	жертвы.")
sacrifice.")	EdText.info("Нико останется в этом 
EdText.info("Niko will stay in this 	мире, навсегда застряв на вершине.")
world, forever stuck at the summit.")	EdText.info("Они никогда не смогут уйти.")
EdText.info("They can never leave.")	EdText.info("Или это то, чего ты 
EdText.info("Or is that what you 	хочешь?")
want?")	EdText.info("Запереть их навсегда?")
EdText.info("To trap them forever?")	EdText.info("По крайней мере, скажи Нико 
EdText.info("At least, tell Niko the 	правду.")
truth.")	EdText.info("...ты ведь заботишься о 
EdText.info("...you do care about 	Нико, не так ли?")
Niko, don't you?")	EdText.info("Или ты уже перешагнул 
EdText.info("Or have you moved 	через это?")
beyond that?")	EdText.info("Я не знаю, сколько 
times we have been though this.")	раз мы это проходили.")
EdText.info("How many times Niko 	EdText.info("Сколько раз Нико 
has been back.")	возвращался.")
EdText.info("Over and over, in an 	EdText.info("Снова и снова, в 
endless loop.")	бесконечной петле.")
EdText.info("When will it stop?")	EdText.info("Когда это прекратится?")
EdText.info("Do you truly care 	EdText.info("Тебе действительно небезразличен 
about Niko?")	Нико?")
EdText.info("Or are they just 	EdText.info("Или они просто 
another character?")	очередной персонаж?")
EdText.info("Is this just another 	EdText.info("Это для тебя просто ещё одна 
game to you?")	игра?")
EdText.info("Like the thousands of 	EdText.info("Как тысячи 
others?")	других?")
EdText.info("   ...   ")	EdText.info("   ...   ")
EdText.info("I see pieces.")	EdText.info("Я вижу фрагменты.")
EdText.info("Remnants.")	EdText.info("Остатки.")
EdText.info("Will this continue 	EdText.info("Будет ли это продолжаться 
going on?")	и дальше?")
pj_portal	pj_portal
pj_2a	pj_2a
pj_2b	pj_2b
white	white
pj_1a	pj_1a
pj_1b	pj_1b
@niko2 Oh... I found this page.	@niko2 О... Я нашёл эту страницу.
@niko It looks kind of like a drawing of this room.	@niko Она похожа на рисунок этой комнаты.
@niko_speak Maybe it's telling us we should come here?	@niko_speak Может, это значит, что нам стоит прийти сюда?
@niko Which we did, already.	@niko Что мы уже сделали.
@niko_speak So... it looks like we're on the right track!	@niko_speak Значит... похоже, мы на верном пути!
@alula I'm helping!	@alula Я помогаю!
A	A
@silver [Hello again.]	@silver [Снова привет.]
@Niko Hello.	@Niko Привет.
@silver2 [Do you... need anything?]	@silver2 [Тебе... что-нибудь нужно?]
@Niko Nah.	@Niko Неа.
@silver [Okay.]	@silver [Ладно.]
@credits Programming\\nEliza Velasquez\\nMichael Shirt	@credits Программирование\\nЭлайза Веласкес\\nМайкл Шёрт
@credits Graphics\\nNightmargin (Casey Gu)	@credits Графика\\nНайтмарджин (Кейси Гу)
@credits Character Design\\nNightmargin	@credits Дизайн персонажей\\nНайтмарджин
@credits Maize and George's designs\\nEliza Velasquez	@credits Дизайны Мейз и Джорджа\\nЭлайза Веласкес
@credits Soundtrack\\nNightmargin	@credits Саундтрек\\nНайтмарджин
@credits Additional tracks\\nEliza Velasquez\\nMichael Shirt	@credits Дополнительные треки\\nЭлайза Веласкес\\nМайкл Шёрт
@credits Story (Mechanics Concept)\\nEliza Velasquez	@credits Сюжет (Концепция механик)\\nЭлайза Веласкес
@credits General Story and Worldbuilding\\nNightmargin\\nEliza Velasquez	@credits Общий сюжет и миростроение\\nНайтмарджин\\nЭлайза Веласкес
@credits Writing\\nNightmargin\\nEliza Velasquez\\nMichael Shirt	@credits Текст\\nНайтмарджин\\nЭлайза Веласкес\\nМайкл Шёрт
@credits Producer\\nMark Conforti	@credits Продюсер\\nМарк Конфорти
@credits Official Testers\\nJason Black\\nSinNoAria\\nOmer Oztas	@credits Официальные тестеры\\nДжейсон Блэк\\nSinNoAria\\nОмер Озтас
@credits Special Thanks\\n\\lRedoplus 	@credits Особая благодарность\\n\\lRedoplus 
\\rPurpleAlmonds\\n\\lSaniblues \\rFelixTheJudge\\n	\\rPurpleAlmonds\\n\\lSaniblues \\rFelixTheJudge\\n
@credits \\lNoxid \\rAlbatrosssoup\\n\\lSauraen \\rStanhoff\\n\\lKalkie \\rKitsiinabox	@credits \\lNoxid \\rAlbatrosssoup\\n\\lSauraen \\rStanhoff\\n\\lKalkie \\rKitsiinabox
@credits Testers of Original OneShot\\n\\lDolphinsAreEvil \\rKyne\\n\\lTangyOranges \\rletty\\n	@credits Тестеры оригинального OneShot\\n\\lDolphinsAreEvil \\rKyne\\n\\lTangyOranges \\rletty\\n
@credits \\lZeroGuilt \\rMichael\\n\\lMraof \\rpsychoTR2\\n\\lNekkowe \\rDivinuss\\n	@credits \\lZeroGuilt \\rMichael\\n\\lMraof \\rpsychoTR2\\n\\lNekkowe \\rDivinuss\\n
@credits \\lM3ltd0wn \\rFelix\\n\\lOutlanderSES \\rplasterbrain	@credits \\lM3ltd0wn \\rFelix\\n\\lOutlanderSES \\rplasterbrain
$persistent.langcode == 'ja'	$persistent.langcode == 'ja'
@credits æ¥æ¬èªç·¨é\\næ«å¼èèå­\\nveneziowl	@credits Редакторы японского языка\\nМарико Хибики\\nveneziowl
Steam.unlock 'CHAOTIC_EVIL'	Steam.unlock 'CHAOTIC_EVIL'
Steam.unlock 'CONDUCTION'	Steam.unlock 'CONDUCTION'
Gamejolt.grant_trophy(136490)	Gamejolt.grant_trophy(136490)
Steam.unlock 'EXTREME_BARTERING'	Steam.unlock 'EXTREME_BARTERING'
Steam.unlock 'RAM_WHISPERER'	Steam.unlock 'RAM_WHISPERER'
Steam.unlock 'PANCAKES'	Steam.unlock 'PANCAKES'
Steam.unlock 'WE_RIDE_AT_DAWN'	Steam.unlock 'WE_RIDE_AT_DAWN'
Steam.unlock 'SECRET'	Steam.unlock 'SECRET'
Steam.unlock 'BOOKWORM'	Steam.unlock 'BOOKWORM'
Steam.unlock 'REBIRTH'	Steam.unlock 'REBIRTH'
Steam.unlock 'ONESHOT'	Steam.unlock 'ONESHOT'
Steam.unlock 'RETURN'	Steam.unlock 'RETURN'
It certainly is something	Это уж точно что-то
@niko3 ...hey.	@niko3 ...эй.
@niko2 \\p... did you see that?	@niko2 \p... ты это видел?
@niko4 The squares just...	@niko4 Квадраты просто...
@niko3 It just happened again...	@niko3 Это только что опять случилось...
@niko2 I...\\.\\. think...\\>\\n\\@niko6 Something is making them go away!	@niko2 Я...\.\. думаю...\>\n\@niko6 Что-то заставляет их исчезать!
@niko2 ...come on, let's try the rest.	@niko2 ...давай, попробуем остальные.
sun_rays	sun_rays
enter_name	enter_name
writeQAsave $game_temp.countdown_password	writeQAsave $game_temp.countdown_password
FUCK THIS PUZZLE	ДА НУ ЭТУ ГОЛОВОЛОМКУ
$scene = Scene_Box.new	$scene = Scene_Box.new
$game_temp.box_finished == true	$game_temp.box_finished == true
@niko_speak The box opened!	@niko_speak Коробка открылась!
@niko Hmm, let's see...	@niko Хм, посмотрим...
@niko_speak Ah, there's a battery case in here!	@niko_speak А, тут отсек для батарейки!
@ed [The timer has stopped.]	@ed [Таймер остановился.]
@ed [You have completed dark light.]	@ed [Ты прошёл тёмный свет.]
$game_temp.enabledarkerlight = true	$game_temp.enabledarkerlight = true
mod_save_make	mod_save_make
Steam.enabled?	Steam.enabled?
skip	пропустить
try again	попробовать снова
if Gamejolt.auth_user.success == 	if Gamejolt.auth_user.success == 
"true"	"true"
$game_switches[494] = true	$game_switches[494] = true
else	else
$game_switches[494] = false	$game_switches[494] = false
end	end
Do you want to log into gamejolt?	Хочешь войти в gamejolt?
jump	перейти
Enter username.	Введи имя пользователя.
$game_temp.username = $game_temp.countdown_password	$game_temp.username = $game_temp.countdown_password
Enter user token.	Введи пользовательский токен.
(Your user token is not your password.)	(Твой пользовательский токен — это не пароль.)
(You can find your user token by clicking on your 	(Ты можешь найти свой пользовательский токен, нажав на свой 
avatar in gamejolt and pressing the "Game Token" 	аватар в gamejolt и нажав кнопку "Game Token".)
button.)	$game_temp.usertoken = $game_temp.countdown_password
$game_temp.usertoken = $game_temp.countdown_password	Gamejolt.fetch_user.success != "false"
Gamejolt.fetch_user.success != "false"	Загрузка аватара... (Это может занять секунду)
Fetching avatar... (This may take a second)	Gamejolt.download_user_pfp
Gamejolt.download_user_pfp	Всё верно?\n\c[6]\gjname\n\gjtoken
Is this correct?\\n\\c[6]\\gjname\\n\\gjtoken	\c[2]Неверный пользовательский токен.
\\c[2]Invalid user token.	\c[2]Неверное имя пользователя.
\\c[2]Invalid username.	\c[2]Ты уже вошёл в систему.
\\c[2]You are already logged in.	\c[3]Вход выполнен успешно.
\\c[3]Successfully logged in.	@niko_speak Значит, мне нужно использовать это, когда нужна 
@niko_speak So, I need to use this when I need 	помощь?
help?	@niko Хм, интересно, что оно делает.
@niko Huh, I wonder what it does.	@niko_huh . . .
@niko_huh . . .	@niko_wtf2 . . . . .
@bluebot [WOULD YOU LIKE ASSISTANCE?]	@bluebot [НУЖНА ПОМОЩЬ?]
@niko I was just testing what this did.	@niko Я просто проверял, что это делает.
@niko Sorry.	@niko Извини.
$game_variables[293] = @map_id	$game_variables[293] = @map_id
ModScripts.checkmines	ModScripts.checkmines
@BLUEBOT [PLEASE WAIT.]	@BLUEBOT [ПОЖАЛУЙСТА, ПОДОЖДИ.]
@BLUEBOT [PLEASE TRY NOT TO GET STUCK.]	@BLUEBOT [ПОЖАЛУЙСТА, ПОСТАРАЙСЯ НЕ ЗАСТРЯТЬ.]
@bluebot [PLEASE ASK FOR ASSITANCE WHEN YOU 	@bluebot [ПОЖАЛУЙСТА, ПРОСИ О ПОМОЩИ, КОГДА 
ARE IN THE MINES.]	БУДЕШЬ В ШАХТАХ.]
particles :rain	particles :rain
Audio.bgs_play("Audio/AMB/Rain/#{Dir.children("Audio/AMB/Rain").sample}")	Audio.bgs_play("Audio/AMB/Rain/#{Dir.children("Audio/AMB/Rain").sample}")
Move to dark side (has cookies)	Перейти на тёмную сторону (есть печеньки)
@wait_count = rand(5..15) * 2	@wait_count = rand(5..15) * 2
Move to light side	Перейти на светлую сторону
Must wait 1 frame after map transfer so the maps 	Нужно подождать 1 кадр после переноса карты, чтобы свойства карты 
properties don't override BGM/BGS set by commands	не переопределили BGM/BGS, заданные командами
Unused	Не используется
$game_system.se_play($data_system.decision_se)	$game_system.se_play($data_system.decision_se)
Paused	Пауза
while !Input.trigger?(Input::PAUSE)	while !Input.trigger?(Input::PAUSE)
  sleep(1 / Graphics.frame_rate)	  sleep(1 / Graphics.frame_rate)
Ah yes this thing	Ах да, эта штука
This thing doesn't really matter anymore since	Эта штука уже не имеет значения, так как
The relevant scripts are missing	соответствующие скрипты отсутствуют
This thing was from the old USB puzzle that never	Эта штука была из старой головоломки с USB, которая так и не
made it in, due to it being a lazy rewrite of the	попала в игру, потому что была ленивой переделкой
solstice puzzle	головоломки солнцестояния
ok dont do that	ок не делай так
Will this ever be a thing?	Будет ли это когда-нибудь?
Probably	Наверное
For now?	А пока?
Nope	Не-а
!$game_player.moving?	!$game_player.moving?
Don't use this ever for the love of god	Никогда это не используй, ради бога
ModScripts.bgm_fadein	ModScripts.bgm_fadein
('SomeplaceIKnew.ogg', 100, 90, 5)	('SomeplaceIKnew.ogg', 100, 90, 5)
@credits This is in early access	@credits Это ранний доступ
@credits We would like to hear your feedback!	@credits Мы хотели бы услышать ваши отзывы!
@credits You can reach us via Discord or Steam	@credits Вы можете связаться с нами через Discord или Steam
@credits Thanks for playing!	@credits Спасибо за игру!
oneshot_fm_text	oneshot_fm_text
has_lightbulb?	has_lightbulb?
niko_bulb_new	niko_bulb_new
niko_new	niko_new
niko_umbrella_bulb	niko_umbrella_bulb
This is unsued outside of a debug event 	Не используется вне отладочного события 
and doesn't work anymore	и больше не работает
$game_temp.reflection_offset = $game_variables[22]	$game_temp.reflection_offset = $game_variables[22]
dusty_bottle_no_dust	dusty_bottle_no_dust
dusty_bottle_one_third_full	dusty_bottle_one_third_full
dusty_bottle_two_thirds_full	dusty_bottle_two_thirds_full
dusty_bottle_full_dust	dusty_bottle_full_dust
God the bottle puzzle is really complicated	Боже, головоломка с бутылкой реально сложная
I don't really understand it anymore	Я уже её толком не понимаю
@niko_speak Aha, the paper came out!	@niko_speak Ага, бумажка вылезла!
@niko It feels heavy.	@niko Она тяжёлая.
ModWindow.checkShake(20)	ModWindow.checkShake(20)
@two_ed [Need help?]	@two_ed [Нужна помощь?]
@two_ed [How would you typically get something 	@two_ed [Как ты обычно достаёшь что-то 
out of a 	из 
bottle?]	bottle?]
@two_ed [By shaking it, no?]	@two_ed [Встряхнув её, нет?]
@two_ed [So, how could you shake the bottle?]	@two_ed [Так как ты мог встряхнуть бутылку?]
@two_ed [Alright then.]	@two_ed [Ну ладно тогда.]
ModWindow.vibrate	ModWindow.vibrate
@niko_speak Safety hazard!	@niko_speak Опасность!
Steam.unlock 'SPEED_DEMON'	Steam.unlock 'SPEED_DEMON'
Ah yes the old ambience common event	Ах да, старое общее событие окружения
Fuck this thing	К чёрту эту штуку
@wait_count = rand(250...600) * 2	@wait_count = rand(250...600) * 2
@clap_intensity = rand 1..(Dir.children("Audio/AMB/Thunder").size - 1)	@clap_intensity = rand 1..(Dir.children("Audio/AMB/Thunder").size - 1)
$game_screen.start_flash(Color.new(255 - ((@clap_intensity - 2) * 15), 255 - ((@clap_intensity - 2) * 15), 255 - ((@clap_intensity - 2) * 15), 255 - ((@clap_intensity - 2) * 15)), rand(3..5))	$game_screen.start_flash(Color.new(255 - ((@clap_intensity - 2) * 15), 255 - ((@clap_intensity - 2) * 15), 255 - ((@clap_intensity - 2) * 15), 255 - ((@clap_intensity - 2) * 15)), rand(3..5))
@wait_count = rand(7..11)	@wait_count = rand(7..11)
@wait_count = @clap_intensity * 2 * rand(2..6)	@wait_count = @clap_intensity * 2 * rand(2..6)
Audio.se_play("Audio/AMB/Thunder/#{Dir.children("Audio/AMB/Thunder")[@clap_intensity]}")	Audio.se_play("Audio/AMB/Thunder/#{Dir.children("Audio/AMB/Thunder")[@clap_intensity]}")
$Demo_Load.load_demo	$Demo_Load.load_demo
$Demo_Load.pause_demo	$Demo_Load.pause_demo
$scene= Scene_Demo.new	$scene= Scene_Demo.new
I'm pretty sure this goes unused	Я почти уверен, что это не используется
This is from way back when, 	Это из тех давних времён, 
when I used to be really toxic and annoying, 	когда я был реально токсичным и раздражающим, 
and this whole common event is just kinda bad	и всё это общее событие просто-напросто плохое
It's sorta a direct attack on other modders 	Это вроде как прямая атака на других моддеров, 
as it basically tells you off for having other mods	потому что оно по сути отчитывает тебя за наличие других модов
Henceforth It shall be rmeoved	Посему оно будет удалено
I am not particularly proud of myself, even if	Я не особо собой горжусь, даже если
it's me from a month ago	это я месячной давности
- Pancakes	- Pancakes
ModScripts.checkeclipse	ModScripts.checkeclipse
@ed WARNING. ECLIPSE INSTALL DETECTED.	@ed ВНИМАНИЕ. ОБНАРУЖЕНА УСТАНОВКА ECLIPSE.
ModScripts.checkrampocalypse	ModScripts.checkrampocalypse
@ed WARNING. RAMPOCALYPSE INSTALL 	@ed ВНИМАНИЕ. ОБНАРУЖЕНА УСТАНОВКА RAMPOCALYPSE.
ModScripts.checkequinox	ModScripts.checkequinox
@ed WARNING. EQUINOX INSTALL DETECTED.	@ed ВНИМАНИЕ. ОБНАРУЖЕНА УСТАНОВКА EQUINOX.
ModScripts.checkosam	ModScripts.checkosam
@ed WARNING. OSAM INSTALL DETECTED.	@ed ВНИМАНИЕ. ОБНАРУЖЕНА УСТАНОВКА OSAM.
ANY ISSUES CAUSED BY THIS WILL BE IGNORED.	ЛЮБЫЕ ПРОБЛЕМЫ, ВЫЗВАННЫЕ ЭТИМ, БУДУТ ПРОИГНОРИРОВАНЫ.
Me I think? I don't even know why I'm making	Я, думаю? Я даже не знаю, зачем я их делаю
It's 2am and I'm just writing messages to someone	Сейчас 2 часа ночи, и я просто пишу сообщения кому-то
Or myself	Или себе
I wish I knew	Хотел бы я знать
It's hard addressing something you don't even know	Трудно обращаться к чему-то, о чём ты даже не знаешь,
is listening	слушает ли оно
Zimber was here - 2021.10.16	Zimber was here - 2021.10.16
@credits Mod Lead Developers \\n melody.rs	@credits Ведущие разработчики мода \\n melody.rs
\\n HP	\\n HP
\\n zimberzimber	\\n zimberzimber
@credits Mod Playtesters \\n Alchy \\n callistoAshley	@credits Тестеры мода \\n Alchy \\n callistoAshley
\\n 	\\n 
Archaic \\n Lionmeow \\n Janeberru	Archaic \\n Lionmeow \\n Janeberru
@credits Character Artists \\n Lionmeow \\n Luna	@credits Художники персонажей \\n Lionmeow \\n Luna
@credits Hi-Res Artists \\n Tonykony \\n Mikester \\n 	@credits Художники Hi-Res \\n Tonykony \\n Mikester \\n 
Luna	Luna
@credits Pixel Artists \\n CuboManco \\n Avolicis	@credits Пиксель-арт \\n CuboManco \\n Avolicis
@credits Mod Soundtrack \\n callistoAshley\\n Vlusky	@credits Саундтрек мода \\n callistoAshley\\n Vlusky
@credits Mod World Building \\n melody.rs \\n HP \\n 	@credits Построение мира мода \\n melody.rs \\n HP \\n 
zimberzimber	zimberzimber
@credits Additional Scripting Help \\n Vixia \\n 	@credits Дополнительная помощь со скриптами \\n Vixia \\n 
rkevin \\n enthusiasticGeek \\n somedevfox	rkevin \n enthusiasticGeek \n somedevfox
@credits Mod Producer\\n Astrabit	@credits Продюсер мода\n Astrabit
@credits Special thanks to \\n Eternabyte	@credits Особая благодарность \n Eternabyte
modshot	modshot
mkxp	mkxp
effect = ALEffect::EAXReverb.new	effect = ALEffect::EAXReverb.new
effect.load_preset_psychotic	effect.load_preset_psychotic
Audio.bgm_set_al_effect(effect)	Audio.bgm_set_al_effect(effect)
$scene.spriteset.tilemap.tileset = RPG::Cache.tileset("finale_red")	$scene.spriteset.tilemap.tileset = RPG::Cache.tileset("finale_red")
$game_map.events[5].character_name = "tv_encounter_two"	$game_map.events[5].character_name = "tv_encounter_two"
for i in 0..6	for i in 0..6
   autotile_name = $game_map.autotile_names[i]	   autotile_name = $game_map.autotile_names[i]
   $scene.spriteset.tilemap.autotiles[i] = RPG::Cache.autotile(autotile_name.sub(/purple/, "red"))	   $scene.spriteset.tilemap.autotiles[i] = RPG::Cache.autotile(autotile_name.sub(/purple/, "red"))
$scene.spriteset.panorama.bitmap = RPG::Cache.panorama("codebg_red", 0)	$scene.spriteset.panorama.bitmap = RPG::Cache.panorama("codebg_red", 0)
@wait_time = rand(10..20) * 2	@wait_time = rand(10..20) * 2
Audio.bgm_clear_al_effect	Audio.bgm_clear_al_effect
$scene.spriteset.tilemap.tileset = RPG::Cache.tileset("finale")	$scene.spriteset.tilemap.tileset = RPG::Cache.tileset("finale")
$game_map.events[5].character_name = "tv_encounter"	$game_map.events[5].character_name = "tv_encounter"
   $scene.spriteset.tilemap.autotiles[i] = RPG::Cache.autotile(autotile_name)	   $scene.spriteset.tilemap.autotiles[i] = RPG::Cache.autotile(autotile_name)
$scene.spriteset.panorama.bitmap = RPG::Cache.panorama("codebg", 0)	$scene.spriteset.panorama.bitmap = RPG::Cache.panorama("codebg", 0)
Don't forget to change this condition if you add new 	Не забудь изменить это условие, если добавишь новые 
dialogue	диалоги
@menderbot_think [Hey Niko...]	@menderbot_think [Эй, Нико...]
@niko Hmm?	@niko Хм?
@menderbot [Where Do You Come From?]	@menderbot [Откуда Ты Родом?]
@niko I don't know. I just woke up in some dark 	@niko Я не знаю. Я просто очнулся в каком-то тёмном 
place, and got here somehow.	месте, и как-то оказался здесь.
@menderbot [I Mean Before That.]	@menderbot [Я Имею В Виду До Этого.]
@niko_speak Oh! From a town surrounded by pretty 	@niko_speak О! Из городка, окружённого красивыми 
wheat fields! I live there with my mama!	пшеничными полями! Я живу там с мамой!
@menderbot [What Is "Wheat"?]	@menderbot [Что Такое "Пшеница"?]
@niko_speak You don't know what wheat is!?	@niko_speak Ты не знаешь, что такое пшеница!?
@menderbot_think [We Might Not Have "Wheat" In 	@menderbot_think [Возможно, В Нашем Мире Нет 
This World, So I Was Never Given The Knowledge Of 	"Пшеницы", Поэтому Мне Никогда Не Давали Знаний О 
It.]	Ней.]
@niko Oh.	@niko О.
@niko_speak So it's like this very tall and yellow 	@niko_speak Ну, это такая очень высокая и жёлтая 
grass!	трава!
@niko_pancakes And you can make bread and 	@niko_pancakes А из неё можно делать хлеб и 
pancakes from them!	блинчики!
@niko_what3 Somehow...	@niko_what3 Как-то так...
@menderbot [I'm Familiar With Bread And Pancakes, 	@menderbot [Я Знаком С Хлебом И Блинчиками, 
So We Must Have Wheat In Our World.]	Значит, Пшеница Есть И В Нашем Мире.]
@menderbot_eyeclosed [Maybe I Could See A Wheat 	@menderbot_eyeclosed [Может, Однажды Я Увижу 
Field One Day...]	Пшеничное Поле...]
@niko What are you going to do after I leave?	@niko Что ты будешь делать после того, как я уйду?
@menderbot_think [Hmm...]	@menderbot_think [Хм...]
@menderbot [First I'll Finish Patching The Place Up To 	@menderbot [Сначала Я Закончу Латать Это Место 
The Best Of My Ability.]	Настолько Хорошо, Насколько Смогу.]
@menderbot2 [Then I'll Board Up The Mines Because 	@menderbot2 [Потом Я Забью Досками Шахты, Потому 
That Place Is Unsafe.]	Что Это Место Небезопасно.]
@menderbot2 [Then I'll...]	@menderbot2 [Потом Я...]
@menderbot3 [Then I'll Shut Down The Generator 	@menderbot3 [Потом Я Выключу Генератор 
And Go To Sleep Mode Until Everyone Returns To 	И Уйду В Режим Сна, Пока Все Не Вернутся, Чтобы 
Save Energy, As Per Protocol.]	Сэкономить Энергию, Согласно Протоколу.]
@niko What if they never come back?	@niko А если они никогда не вернутся?
@menderbot_eyeclosed [I Don't Know, But Protocol 	@menderbot_eyeclosed [Я Не Знаю, Но Протокол 
Is Protocol.]	Есть Протокол.]
@menderbot [And I Was Not Tamed, So I Must 	@menderbot [И Меня Не Приручали, Так Что Я Должен 
Follow.]	Подчиняться.]
Question by Myster	Вопрос от Myster
@menderbot_annoyed [Really Wish I Got To Fixing 	@menderbot_annoyed [Действительно Хотел Бы Я Починить 
The Other Elevator...]	Другой Лифт...]
@niko What's wrong with it?	@niko Что с ним не так?
@menderbot_sigh [Could Be Anything, I Was Too 	@menderbot_sigh [Может Быть Что Угодно, Я Был Слишком 
Busy To Even Check...]	Занят, Чтобы Даже Проверить...]
@menderbot3 [Hopefully Nothing Major So I Don't 	@menderbot3 [Надеюсь, Ничего Серьёзного, Чтобы Мне Не 
Have To Endure This Elevator Every Time.]	Пришлось Терпеть Этот Лифт Каждый Раз.]
@niko_eyeclosed Me too.	@niko_eyeclosed Я тоже.
@menderbot_think [Hopefully You'll Be Off This Island 	@menderbot_think [Надеюсь, Ты Покинь Этот Остров 
And On Your Way To Prophetbot Before I Get To It.]	И Отправишься К Пророфботу Прежде, Чем Я Займусь Этим.]
@niko_speak Oh right! I forgot about that!	@niko_speak О, точно! Я совсем забыл об этом!
@niko Do you know what's the weird computer in 	@niko Ты знаешь, что за странный компьютер в 
the main hallway?	главном коридоре?
@menderbot [What Computer?]	@menderbot [Какой Компьютер?]
@niko_speak There is a weird computer that turned 	@niko_speak Там есть странный компьютер, который 
itself on before I even turned the generator on!	включился сам, ещё до того, как я включил генератор!
@niko_speak I just looked at it and then a locked box 	@niko_speak Я просто посмотрел на него, и тут появилась 
appeared!	запертая коробка!
@niko I don't know why it was locked, but it opened 	@niko Я не знаю, почему она была заперта, но она открылась 
shortly after.	вскоре после этого.
@niko_speak And the box had a battery case I used 	@niko_speak И в коробке был отсек для батареи, который я использовал, 
to make a battery!	чтобы сделать батарею!
@menderbot_think [\\..\\..\\..\\..\\..]	@menderbot_think [\\..\\..\\..\\..\\..]
@menderbot [I Don't Recall Ever Seeing A Computer 	@menderbot [Не Припоминаю, Чтобы Когда-Либо Видел Компьютер 
In The Main Hallway.]	В Главном Коридоре.]
@niko_speak But it was there! I will show you where 	@niko_speak Но он был там! Я покажу тебе, где 
it is when we're back down!	он, когда мы спустимся обратно!
@menderbot [Okay.]	@menderbot [Хорошо.]
@niko Why was this place abandoned?	@niko Почему это место было заброшено?
@menderbot2 [I'm Not Sure.]	@menderbot2 [Я Не Уверен.]
@menderbot [Everyone Was Just Evacuated Some 	@menderbot [Всех Просто Эвакуировали Спустя 
Time After The Sun Went Out.]	Некоторое Время После Того, Как Солнце Погасло.]
@menderbot_think [I Never Got To Hear The Reason 	@menderbot_think [Мне Так И Не Довелось Услышать Причину, 
Why, Which Was Upsetting.]	Что Было Огорчительно.]
@menderbot_eyeclosed [The Loneliness That 	@menderbot_eyeclosed [Одиночество, Которое 
Followed Didn't Help Either.]	Последовало, Тоже Не Помогло.]
@niko_speak But what about robots?	@niko_speak А как же роботы?
@menderbot [We Were Left Behind Because We're 	@menderbot [Нас Оставили, Потому Что Мы 
Not Tamed, So It Wasn't Worth The Effort..]	Не Приручены, Так Что Это Не Стоило Усилий..]
@niko But aren't they your friends?	@niko Но разве они не твои друзья?
@menderbot_eyeclosed [It's Not The Same.]	@menderbot_eyeclosed [Это Не То Же Самое.]
@niko So are they lonely too?	@niko Так они тоже одиноки?
@menderbot3 [I\\..\\..\\.. I guess they must be.]	@menderbot3 [Я\\..\\..\\.. Полагаю, Должно Быть, Да.]
Question by RedstoneRuler	Вопрос от RedstoneRuler
@niko I was wondering about something...	@niko Я тут кое о чём задумался...
@menderbot [Yes?]	@menderbot [Да?]
@niko_speak Why are you so different from the 	@niko_speak Почему ты так отличаешься от 
other robots?	других роботов?
@menderbot [My Model Was Designed Specifically 	@menderbot [Моя Модель Была Разработана Специально 
For Engineering Purposes, And Stand Out From The 	Для Инженерных Целей И Выделяется Среди 
General Purpose Bots So I'm Easy To Find.]	Роботов Общего Назначения, Чтобы Меня Было Легко Найти.]
@niko Ooh.	@niko Ооо.
@niko_speak But you also sound very different!	@niko_speak Но ты ещё и звучишь совсем иначе!
@menderbot [In What Way?]	@menderbot [В Каком Смысле?]
@niko I don't know. You sound less\\..\\..\\.. Robot\\..	@niko Не знаю. Ты звучишь менее\\..\\..\\.. Робот\\..
\\..\\..y?	\\..\\..но?
@menderbot3 [I Don't Know What I Sound Like, Let 	@menderbot3 [Я Не Знаю, Как Я Звучу, Не 
Alone Know Why. I Believe It's Just Part Of The 	Говоря Уже О Том, Почему. Полагаю, Это Просто Часть 
Design.]	Конструкции.]
@menderbot [I Always Sounded Like This, As That's 	@menderbot [Я Всегда Так Звучал, Потому Что 
How I Was Programmed To Sound.]	Так Я Запрограммирован Звучать.]
@menderbot_think [At least I think so...]	@menderbot_think [По Крайней Мере Я Так Думаю...]
@niko Are the caves always so full of faint chimes?	@niko А пещеры всегда так полны слабых перезвонов?
@menderbot [What?]	@menderbot [Что?]
@niko_speak I always hear faint chimes down there.	@niko_speak Я всегда слышу слабые перезвоны там внизу.
@menderbot [Never Heard Chimes, Your Hearing 	@menderbot [Никогда Не Слышал Перезвонов, Видимо 
Must Be Better Than Mine.]	Твой Слух Лучше Моего.]
@menderbot_think [Or You Have Tinnitus.]	@menderbot_think [Или У Тебя Тиннитус.]
@niko_speak What's tin-	@niko_speak Что такое тин-
@niko Tint-	@niko Тин-
@niko2 T-	@niko2 Т-
@niko_speak Tenyatus!	@niko_speak Тенятус!
@menderbot_happy [...]	@menderbot_happy [...]
@menderbot [Don't Worry About It.]	@menderbot [Не Переживай Об Этом.]
@menderbot [Just Mention The Chimes On Your 	@menderbot [Просто Упомяни Перезвоны На Следующем 
Next Medical Checkup.]	Медосмотре.]
@niko Okay.	@niko Ладно.
@menderbot_think [Can I Ask You Something?]	@menderbot_think [Можно Тебя Кое-О Чём Спросить?]
@niko Sure.	@niko Конечно.
@menderbot_think [You Don't Have To Answer If You 	@menderbot_think [Можешь Не Отвечать, Если 
Don't Want To, But...]	Не Хочешь, Но...]
@menderbot [Why Are You Saying Everything 	@menderbot [Почему Ты Говоришь Всё 
Out Loud?]	Вслух?]
@niko What do you mean?	@niko Что ты имеешь в виду?
@menderbot [Like When You Inspect Things Or 	@menderbot [Ну, Когда Ты Осматриваешь Вещи Или 
Interact With Them.]	Взаимодействуешь С Ними.]
@niko_speak Oh! That's because I-\\|\\@niko uh...	@niko_speak О! Это потому что я-\\|\\@niko э...
@niko_think I don't know...	@niko_think Я не знаю...
@niko I think it's just a habit.	@niko Думаю, это просто привычка.
@niko Is that weird?	@niko Это странно?
@menderbot3 [N-No, I Was Just Curious.]	@menderbot3 [Н-Нет, Мне Просто Было Любопытно.]
@menderbot_eyeclosed [Sorry If I Made It Sound 	@menderbot_eyeclosed [Прости, Если Прозвучало 
Like It Is.]	Так, Будто Это Так.]
@niko_smile It's Okay.	@niko_smile Всё хорошо.
STOPITSTOPITSTOPITSTOPITSTOPITSTOPITSTOPITS	STOPITSTOPITSTOPITSTOPITSTOPITSTOPITSTOPITS
TOPITSTOPITSTOPITSTOPITSTOPITSTOPITSTOPITST	TOPITSTOPITSTOPITSTOPITSTOPITSTOPITSTOPITST
OPITSTOPITSTOPITSTOPITSTOPITSTOPITSTOPITST	OPITSTOPITSTOPITSTOPITSTOPITSTOPITSTOPITST
photo_menderbot	photo_menderbot
Variable 150 is used as bit flags to tell the state of 	Variable 150 is used as bit flags to tell the state of 
this dialogue	this dialogue
Use bitwise operations to check for flags or enable 	Use bitwise operations to check for flags or enable 
1: First interaction happened	1: First interaction happened
2: Asked who are you	2: Asked who are you
4: Asked how are you	4: Asked how are you
8: Was told how to de-rust the rowbot	8: Was told how to de-rust the rowbot
$game_variables[150] & 1 == 0	$game_variables[150] & 1 == 0
@menderbot_think [How The Fuck Is This Our First 	@menderbot_think [Какого Хрена Это Наш Первый 
Time Speaking?]	Разговор?]
@niko_wtf2 Bad word!	@niko_wtf2 Плохое слово!
@menderbot_annoyed [Please Report This As A 	@menderbot_annoyed [Пожалуйста, Сообщи Об Этом Как 
Bug.]	О Баге.]
$game_variables[150] |= 1	$game_variables[150] |= 1
@menderbot [Did You Need Something?]	@menderbot [Тебе Что-То Нужно?]
@menderbot [How Can I Help You?]	@menderbot [Чем Я Могу Помочь?]
@niko I didn't get to ask your name.	@niko Я не успел спросить твоё имя.
@menderbot3 [\\..\\..\\..]	@menderbot3 [\\..\\..\\..]
@menderbot [Menderbot.]	@menderbot [Мендербот.]
@niko_speak Hi Menderbot, I'm Niko!	@niko_speak Привет, Мендербот, я Нико!
@menderbot [Hello Niko.]	@menderbot [Привет, Нико.]
@menderbot [How Can I Help You, Niko?]	@menderbot [Чем Я Могу Помочь Тебе, Нико?]
Need Menderbot for gas	Нужен Мендербот для газа
@niko I was trying to get gas, but the gas 	@niko Я пытался достать газ, но газовый 
robot is broken.	робот сломан.
@niko_speak So he told me to use the computer, 	@niko_speak Так что он сказал мне использовать компьютер, 
but the computer is too complicated and he told me to 	но компьютер слишком сложный, и он сказал мне 
ask you for help!	попросить тебя о помощи!
@menderbot_think [Processing...]	@menderbot_think [Обработка...]
@menderbot [Ok. I'll Look Into It, And Wait For You 	@menderbot [Хорошо. Я Разберусь С Этим И Подожду Тебя 
There.]	Там.]
$game_variables[150] & 2 == 0	$game_variables[150] & 2 == 0
Getting to Prophetbot	Добраться до Пророфбота
Why Prophetbot	Почему Пророфбот
What is this place	Что это за место
Who are you	Кто ты
just say hi	просто поздороваться
$game_variables[150] & 4 == 0	$game_variables[150] & 4 == 0
How are you	Как дела
@niko Nope.	@niko Не-а.
@niko_smile Just saying hi.	@niko_smile Просто поздороваться.
@menderbot3 [Hi.]	@menderbot3 [Привет.]
Switch A: Was told where to find keycard	Switch A: Was told where to find keycard
Switch B: Told how to de-rust Rowbot	Switch B: Told how to de-rust Rowbot
$game_variables[150] & 8 != 0	$game_variables[150] & 8 != 0
@niko Can you remind me what I need to un rust the 	@niko Можешь напомнить, что мне нужно, чтобы 
row boat?	очистить от ржавчины лодочного робота?
Don't need protective gear if Menderbot is in the 	Не нужна защитная экипировка, если Мендербот в 
party, as he'll do the cleaning/mixing	отряде, так как он займётся очисткой/смешиванием
@menderbot [Gas From Gas Bot, Jelly From Shrimp, 	@menderbot [Газ От Газобота, Желе От Креветки, 
Sponge From Mines.]	Губку Из Шахт.]
Sponge From Mines, Gloves From Storage, Goggles 	Губку Из Шахт, Перчатки Со Склада, Очки 
From Labs.]	Из Лабораторий.]
@niko_speak Ok, thanks!	@niko_speak Ок, спасибо!
@niko_speak The boat robot is rusty and it told me to 	@niko_speak Лодочный робот ржавый, и он сказал мне 
ask you about it!	спросить тебя об этом!
@menderbot2 [Oh.]	@menderbot2 [Ох.]
@menderbot_think [\\..\\..\\..\\..\\..\\..\\..\\..\\..\\..\\..]	@menderbot_think [\\..\\..\\..\\..\\..\\..\\..\\..\\..\\..\\..]
@menderbot [I'm Still Too Busy With Patching The 	@menderbot [Я Всё Ещё Слишком Занят Починкой 
Place Up, But The Solution Is... Well... A Simple 	Этого Места, Но Решение... Ну... Простое 
Solution.]	Решение.]
@menderbot [You Just Need To Mix Some Of The 	@menderbot [Тебе Просто Нужно Смешать Немного 
Same Jelly You Used To Manufacture A Replacement 	Того Же Желе, Что Ты Использовал Для Изготовления 
Battery With Some Gas.]	Запасной Батареи, С Некоторым Количеством Газа.]
@niko So I just\\!	@niko Так что я просто\\!
@menderbot [You Can Get Gas From The Gas Bot In 	@menderbot [Ты Можешь Взять Газ У Газобота В 
The Room To The Right Of The Elevator Room.]	Комнате Справа От Комнаты С Лифтом.]
@niko2 Uh...\\!	@niko2 Эм...\\!
@menderbot [You Already Have A Sponge, So That's 	@menderbot [У Тебя Уже Есть Губка, Так Что Это 
Good.]	Хорошо.]
@menderbot [You'll Need An Industrial Sponge Too, 	@menderbot [Тебе Также Понадобится Промышленная 
There Should Be One In The Mines.]	Губка, Она Должна Быть В Шахтах.]
@niko_eyeclosed Mines again.\\!	@niko_eyeclosed Опять шахты.\\!
@menderbot [And Please Use Protective Gear When 	@menderbot [И Пожалуйста, Используй Защитную 
Handling The Solution.]	Экипировку При Обращении С Раствором.]
@niko_wtf2 Wait but-\\!	@niko_wtf2 Погоди, но-\\!
@menderbot [There Should Be Gloves In The Storage 	@menderbot [Перчатки Должны Быть В Комнате 
Room.]	Хранения.]
@menderbot [Safety Goggles Should Be In The Lab.]	@menderbot [Защитные Очки Должны Быть В Лаборатории.]
@menderbot [Did You Get All That?]	@menderbot [Ты Всё Это Запомнил?]
@niko Jelly... gas... sponge... gloves... goggles...	@niko Желе... газ... губка... перчатки... очки...
@niko_eyeclosed That's a lot to remember...	@niko_eyeclosed Это много всего, надо запомнить...
@menderbot [Don't Worry, You Can Always Ask Me 	@menderbot [НЕ ВОЛНУЙСЯ, ТЫ ВСЕГДА МОЖЕШЬ СПРОСИТЬ МЕНЯ 
Again If You Forget Anything.]	СНОВА, ЕСЛИ ЧТО-ТО ЗАБУДЕШЬ.]
@niko Ok.	@niko Хорошо.
$game_variables[150] |= 8	$game_variables[150] |= 8
@niko Where do I go now?	@niko Куда мне теперь идти?
[276, 285, 295, 296, 306, 315].include?($game_map.map_id)	[276, 285, 295, 296, 306, 315].include?($game_map.map_id)
Surface	Поверхность
@menderbot [There Was A Rowbot By The Dock 	@menderbot [У Дока Был Роубот, 
Which Can Bring You To Prophetbot.]	Который Может Отвести Тебя К Пророфботу.]
@menderbot [We Should Go Check On It.]	@menderbot [Нам Стоит Пойти Проверить Его.]
Underground	Подземелье
@menderbot [Surface Should Have A Rowbot Which 	@menderbot [На Поверхности Должен Быть Роубот, 
Can Bring You To Prophetbot.]	Который Может Отвести Тебя К Пророфботу.]
@menderbot [You Got My Keycard. You Can Leave 	@menderbot [Ты Взял Мою Ключ-Карту. Теперь Ты Можешь 
Via The Elevators Now.]	Уйти Через Лифты.]
@menderbot [Just Give It To One Of The Bots Before 	@menderbot [Просто Отдай Её Одному Из Ботов Перед 
You Leave The Island So I Could Get It Back Later.]	Тем, Как Покинеть Остров, Чтобы Я Мог Получить Её Обратно Позже.]
@menderbot [Get To The Surface Via The Elevators, 	@menderbot [Доберись До Поверхности Через Лифты, 
They Are Located To The Right From The 	Они Находятся Справа От 
Dormitories.]	Общежитий.]
@niko Where is the card again?	@niko Где карта, напомни?
@menderbot [My Room In The Mines.]	@menderbot [В Моей Комнате В Шахтах.]
@menderbot [Follow The Glow And You'll Find It.]	@menderbot [Иди На Свечение И Найдёшь Её.]
@menderbot [You'll Have To Use A Rowbot On The 	@menderbot [Тебе Нужно Будет Использовать Роубота На 
Surface To Get To Prophetbot.]	Поверхности, Чтобы Добраться До Пророфбота.]
@menderbot [You Get To The Surface Via The 	@menderbot [На Поверхность Ты Попадёшь Через 
Elevators.]	Лифты.]
@menderbot [Elevators Are Located To The Right 	@menderbot [Лифты Находятся Справа 
From the Dormitories.]	От Общежитий.]
@menderbot_think [You Might Need A Keycard For 	@menderbot_think [Хотя Для Лифтов Тебе Может 
The Elevators Though.]	Понадобиться Ключ-Карта.]
@menderbot_think [I'd Give You Mine, But I Forgot It In 	@menderbot_think [Я Бы Отдал Тебе Свою, Но Забыл Её В 
My Room.]	Своей Комнате.]
@menderbot_think [And I'd Go And Get It Were I Not 	@menderbot_think [И Я Бы Пошёл И Взял Её, Если Бы Не Был 
Too Busy With Making Sure This Place Doesn't Fall 	Слишком Занят Тем, Чтобы Это Место Не 
Apart...]	Развалилось...]
@niko_speak Where is your room? I could go and get 	@niko_speak Где твоя комната? Я мог бы сходить и взять 
it!	её!
@menderbot2 [I Would Appreciate That.]	@menderbot2 [Я Был Бы Признателен За Это.]
@menderbot2 [It's Located Within The Mines.]	@menderbot2 [Она Находится В Шахтах.]
@niko The place where the railroad track lead?	@niko То место, куда ведут рельсы?
@menderbot [Yes.]	@menderbot [Да.]
@niko_distressed Oh\\..\\..\\.. That place is so dark and 	@niko_distressed Ох\\..\\..\\.. Но ведь то место такое тёмное и 
scary though...	страшное...
@menderbot_eyeclosed [...]	@menderbot_eyeclosed [...]
@menderbot_eyeclosed [If It's Any Consolation, They 	@menderbot_eyeclosed [Если Тебя Это Утешит, Они 
Scare Me A Little Too.]	Меня Тоже Немного Пугают.]
@menderbot [But It's Not So Bad When You Realize 	@menderbot [Но Всё Не Так Плохо, Когда Понимаешь, 
The Scary Noises Are Just Howling Wind And 	Что Страшные Звуки — Это Всего Лишь Завывание Ветра И 
Creeking Metal.]	Скрип Металла.]
@menderbot [Or When You Have A Light To Guide 	@menderbot [Или Когда У Тебя Есть Свет, Чтобы 
You.]	Освещать Путь.]
@menderbot_think [Or The Sun Itself.]	@menderbot_think [Или Само Солнце.]
@niko_speak Oh yeah!	@niko_speak О да!
@menderbot [I've Went Through Them Enough 	@menderbot [Я Проходил Через Них Достаточно 
To Confirm They're Safe.]	Раз, Чтобы Подтвердить, Что Они Безопасны.]
@menderbot_think [As Safe As Mines Get 	@menderbot_think [Насколько Безопасны Шахты 
Anyways...]	Вообще Бывают...]
@menderbot [And I'm Fine, So You'll Be Fine Too.]	@menderbot [И Со Мной Всё Хорошо, Значит, И С Тобой Всё Будет Хорошо.]
@niko \\..\\..\\..\\>\\@niko_speak Alright!	@niko \\..\\..\\..\\>\\@niko_speak Хорошо!
@niko Where are the mines?	@niko Где шахты?
@menderbot [Follow The Railroad Tracks. You Can't 	@menderbot [Идите По Железнодорожным Путям. Вы Не 
Miss It.]	Пропустите Их.]
@niko_speak Alright!	@niko_speak Хорошо!
@niko_speak What is this place?	@niko_speak Что это за место?
@menderbot [It's a Mining And Research Facility.]	@menderbot [Это Горнодобывающий И Исследовательский Комплекс.]
@menderbot3 [...At Least It Was Until Everyone Was 	@menderbot3 [...По Крайней Мере Так Было, Пока Всех Не 
Evacuated...]	Эвакуировали...]
@menderbot [Anyways...]	@menderbot [В Общем...]
@menderbot [Phosphor Crystals Were Mined Here, 	@menderbot [Здесь Добывали Фосфорные Кристаллы, 
And Most Of Them Were Shipped To The Other 	И Большинство Из Них Отправляли На Другие 
Continents.]	Континенты.]
@menderbot [Scientists Were Doing All 	@menderbot [Учёные Проводили Здесь Всевозможные 
Sorts Of Researching Here, Mostly Involving The 	Исследования, В Основном Связанные С 
Crystals.]	Кристаллами.]
@menderbot [The Underground Spring Was Also Of 	@menderbot [Подземный Источник Тоже Почему-То 
Interest To Them For Some Reason. Something About 	Их Интересовал. Что-То Насчёт Селекционного 
Selectively Breeding Shrimp.]	Разведения Креветок.]
@menderbot [Also There Was A Gas Harvesting 	@menderbot [Также Здесь Велась Добыча Газа, 
Operation, As It Has Many Useful Applications.]	Поскольку Он Имеет Множество Полезных Применений.]
@menderbot [And The Surface Of The Island Was 	@menderbot [А Поверхность Острова Использовалась 
Used As A Final Checkpoint Before Scientists Went 	Как Последний Контрольный Пункт Перед Тем, Как Учёные 
Out Into The Endless Ocean.]	Отправлялись В Бескрайний Океан.]
@menderbot_sigh [And Now It's Abandoned.]	@menderbot_sigh [А Теперь Здесь Всё Заброшено.]
@niko_eyeclosed Oh.	@niko_eyeclosed Ох.
@niko_speak Why do I have to find the prophet 	@niko_speak Почему я должна найти робота- 
robot?	пророка?
@menderbot [Because You're The Messiah, And 	@menderbot [Потому Что Ты Мессия, И Они Ещё 
Haven't Been Greeted By Them Yet.]	Не Приветствовали Тебя.]
@niko What does "messiah" mean?	@niko Что значит "мессия"?
@menderbot [It Means You Will Save This World By 	@menderbot [Это Значит, Что Ты Спасёшь Этот Мир, 
Restoring The Sun.]	Восстановив Солнце.]
@niko_pancakes Wow!	@niko_pancakes Ух ты!
@niko_what But how will I do that?	@niko_what Но как я это сделаю?
@menderbot_think [Something To Do With Getting The 	@menderbot_think [Кажется, Это Связано С Тем, Чтобы 
Sun To The Big Tower In The Refuge I Think.]	Доставить Солнце К Большой Башне В Убежище.]
@niko_speak Oh right you said this light bulb is your 	@niko_speak А, точно, ты говорил, что эта лампочка — ваше 
sun?	солнце?
@niko_speak How is your sun so small?	@niko_speak Почему ваше солнце такое маленькое?
@menderbot [I Don't Know How It Works, But Please 	@menderbot [Я Не Знаю, Как Оно Работает, Но Пожалуйста, 
Be Careful With It.]	Обращайся С Ним Осторожно.]
@menderbot_sigh [I Fear What Might Come If It 	@menderbot_sigh [Я Боюсь Того, Что Может Случиться, 
Were To Shatter.]	Если Оно Разобьётся.]
@niko So everything wasn't always this dark?	@niko Так всё не всегда было таким тёмным?
@menderbot_eyeclosed [No. Our Sun Used To Be Up 	@menderbot_eyeclosed [Нет. Наше Солнце Раньше Было 
In The Sky Until One Day It Just Went Out.]	В Небе, Пока Однажды Оно Просто Не Погасло.]
@menderbot [And Then Everything Went Dark.]	@menderbot [И Тогда Всё Погрузилось Во Тьму.]
@niko And will I go home after I bring it back?	@niko А я вернусь домой после того, как верну его?
@menderbot_think [I... Do Not Know.]	@menderbot_think [Я... Не Знаю.]
@menderbot [You'll Just Have To Ask Prophetbot 	@menderbot [Тебе Просто Придётся Спросить Пророфбота 
About All Of This.]	Обо Всём Этом.]
@menderbot [I Wasn't Programmed To Greet You.]	@menderbot [Я Не Была Запрограммирована Приветствовать Тебя.]
@niko_speak Who are you?	@niko_speak Кто ты?
@menderbot [I Am A Maintenance And Engineering 	@menderbot [Я Ремонтно-Инженерный Блок 
Unit Model B23-N, Sub-Category D.]	Модели B23-N, Подкатегории D.]
@menderbot2 [Generally Referred To As 	@menderbot2 [Обычно Меня Называют 
'Menderbot']	'Мендербот']
@menderbot [I Am Programmed To Repair And Ensure 	@menderbot [Я Запрограммирована Ремонтировать И Следить 
This Place, As Well As The Robots, Are Well 	За Тем, Чтобы Это Место, А Также Роботы, Были В Порядке
Maintained So Live Personnel Can Do Their Jobs.]	[Обслуживание, Чтобы Живой Персонал Мог Выполнять Свою Работу.]
@menderbot [Current Priority Task Is Ensuring This 	@menderbot [Текущая Приоритетная Задача — Обеспечить 
Place Is Safe For You.]	Безопасность Этого Места Для Тебя.]
@niko_83c I'm Niko, friends call me 'Niko'!	@niko_83c Я Нико, друзья зовут меня «Нико»!
$game_variables[150] |= 2	$game_variables[150] |= 2
@niko_speak How are you Menderbot?	@niko_speak Как ты, Мендербот?
@niko What's wrong?	@niko Что случилось?
@menderbot2 [Sorry, I'm Not Used To This Kind Of 	@menderbot2 [Прости, Я Не Привык К Таким 
Question.]	Вопросам.]
@menderbot2 [It's Been A While Since I Last Saw A 	@menderbot2 [Прошло Много Времени С Тех Пор, Как Я 
Real Person.]	Видел Настоящего Человека.]
@menderbot3 [Guess I'm Just A Little Lonely.]	@menderbot3 [Наверное, Я Просто Немного Одинок.]
@niko_eyeclosed I feel a little lonely too...	@niko_eyeclosed Я тоже чувствую себя немного одиноко...
@niko_distressed I only saw robots since I got 	@niko_distressed С тех пор как я попал сюда, я видел 
here... I don't even know what the people here look 	только роботов... Я даже не знаю, как выглядят 
like...	здешние люди...
@menderbot_eyeclosed [I Understand...]	@menderbot_eyeclosed [Я Понимаю...]
@menderbot_happy [There Are A Lot Of Good People 	@menderbot_happy [В Этом Мире Много Хороших Людей, 
In This World You'll Get To See When You're Out.]	Ты Увидишь Их, Когда Выберешься Отсюда.]
@menderbot_happy [And Then You Won't Be Lonely 	@menderbot_happy [И Тогда Ты Больше Не Будешь 
Anymore.]	Одинок.]
@niko What about you?	@niko А как же ты?
@menderbot_sigh [I Can't Leave This Place, It's 	@menderbot_sigh [Я Не Могу Покинуть Это Место, Здесь 
Where I Was Assigned To.]	Моё Назначение.]
@niko_speak But there's no one here!	@niko_speak Но здесь никого нет!
@menderbot [Correct, But I Still Cannot Leave As I 	@menderbot [Верно, Но Я Всё Равно Не Могу Уйти, Так Как 
Wasn't Tamed.]	Меня Не Приручили.]
$game_variables[150] |= 4	$game_variables[150] |= 4
@niko It's a vase with wheat. \\n\\.	@niko Это ваза с пшеницей. \\n\\.
\\@niko_speak Mama has been growing these for a while now!	\\@niko_speak Мама выращивает её уже довольно давно!
@niko A light switch.	@niko Выключатель света.
$scene.item_menu.fade_out = true	$scene.item_menu.fade_out = true
$scene.diskplayer.open	$scene.diskplayer.open
