Items.1@description	A large lightbulb. It's the sun.	Большая лампочка. Это солнце.
Items.2@description	It's too hard to read in the dark light.	Слишком трудно читать в темноте.
Items.3@description	The smell of the liquid is repugnant.	Запах жидкости отвратителен.
Items.4@description	Dry and brittle.	Сухой и хрупкий.
Items.5@description	Covered in alchohol. Flamable.	Покрыт спиртом. Легковоспламеняющийся.
Items.6@description	It's a stick on fire.	Это горящая палка.
Items.7@description	This thing looks old.	Эта штука выглядит старой.
Items.8@description	A broken camera with a large screwed-in lens.	Сломанная камера с большой вкрученной линзой.
Items.9@description	Phillips-head.	Крестовая отвёртка.
Items.10@description	A large glass lens.	Большая стеклянная линза.
Items.11@description	The smell of alcohol lingers.	Запах спирта не выветривается.
Items.12@description	Apparently a battery.  It has some broken glass in it.	По-видимому, батарея. Внутри осколки стекла.
Items.13@description	An intact, rechargable battery. Currently empty.	Целая перезаряжаемая батарея. Сейчас пуста.
Items.14@description	A working, rechargable battery. Maximum power.	Рабочая перезаряжаемая батарея. Максимальный заряд.
Items.15@description	It's full of noxious fumes.	Она полна ядовитых паров.
Items.16@description	It's full of a thick liquid acid.	Она полна густой жидкой кислоты.
Items.17@description	Sponge soaked with acidic cleaning solution.	Губка, пропитанная кислотным чистящим раствором.
Items.18@description	Makeshift crowbar made from a pipe.	Импровизированная монтировка из трубы.
Items.19@description	It weighs surprisingly little.	Она весит на удивление мало.
Items.20@description	A flat sponge with a rough surface.	Плоская губка с шершавой поверхностью.
Items.21@description	The needle is particularly long.	Игла особенно длинная.
Items.22@description	It's full of the strange liquid from the pond.	Она полна странной жидкости из пруда.
Items.23@description	A piece of glowing amber with a black clover inside.	Кусок светящегося янтаря с чёрным клевером внутри.
Items.24@description	Found in the Barrens. It's written in an unknown language.	Найдено в Пустошах. Написано на неизвестном языке.
Items.25@description	A long and slender feather with glowing edges.	Длинное и тонкое перо со светящимися краями.
Items.26@description	A small vial filled with dark blue liquid used for dying wool.	Маленький флакон с тёмно-синей жидкостью для окраски шерсти.
Items.27@description	The label says "water sample".	На этикетке написано "образец воды".
Items.28@description	It's a seed apparently left behind by Maize.	Это семечко, по-видимому, оставленное Кукурузой.
Items.29@description	It's... kind of useless.	Это... в общем-то бесполезно.
Items.30@description	A pen made from dipping a feather into ink.	Ручка, сделанная путём обмакивания пера в чернила.
Items.31@description	A die with glowing dots.	Кубик со светящимися точками.
Items.32@description	A simple button made from a coffee tin.	Простая пуговица, сделанная из кофейной банки.
Items.33@description	A button with magnets loosely attached.	Пуговица с небрежно прикреплёнными магнитами.
Items.34@description	The magnets are secured with tape.	Магниты закреплены скотчем.
Items.35@description	It's the thought that counts.	Главное — внимание.
Items.36@description	An assortment of colorful magnets.	Набор разноцветных магнитов.
Items.37@description	Made of aluminum. Says "COFFEE GROUNDS".	Сделано из алюминия. Написано "КОФЕЙНАЯ ГУЩА".
Items.38@description	A pair of scissors found amidst hair.	Пара ножниц, найденная в волосах.
Items.39@description	A transparent sheet filled with numbers.	Прозрачный лист, заполненный числами.
Items.40@description	A large lens, curved inward.	Большая линза, вогнутая.
Items.41@description	A large lens, curved outward	Большая линза, выпуклая
Items.42@description	A delicately thin lens.	Тонкая изящная линза.
Items.43@description	A large, thick lens.	Большая толстая линза.
Items.44@description	A small tube of pink glitter glue.	Маленький тюбик розового клея с блёстками.
Items.45@description	Not a cat!	Не кошка!
Items.46@description	The name says "Kip Silverpoint Ph.D."	На табличке написано "Кип Сильверпоинт, доктор философии".
Items.47@description	A mask used to filter air for breathing.	Маска для фильтрации воздуха при дыхании.
Items.48@description	Gloves designed to prevent chemical damage.	Перчатки для защиты от химических повреждений.
Items.49@description	These boots will make it possible to move quickly.	Эти ботинки позволят быстро передвигаться.
Items.50@description	"I herded rams and all I got was this lousy T-shirt!"	"Я пас баранов, и всё, что я получил — эту дурацкую футболку!"
Items.51@description	Library card from Kip. Niko's own photo is glued on.	Библиотечная карточка от Кипа. Сверху приклеена фотография Нико.
Items.52@description	There's glitter glue all over her photo now...	Теперь вся её фотография в клее с блёстками...
Items.53@description	The back of the photo is covered in glitter glue.	Обратная сторона фотографии покрыта клеем с блёстками.
Items.54@description	USE THIS TO SAVE	ИСПОЛЬЗУЙ ЭТО ДЛЯ СОХРАНЕНИЯ
Items.55@description	A bag of dirt, for growing plants	Мешок земли для выращивания растений
Items.56@description	Goes in water, supposedly.	Предположительно, растворяется в воде.
Items.57@description	The water pill is dissolved in it.	В ней растворена водяная таблетка.
Items.58@description	A black clover.	Чёрный клевер.
Items.59@description	An empty tube.  Used to hold water.	Пустой тюбик. Использовался для хранения воды.
Items.60@description	It has the consistency of glue.	По консистенции напоминает клей.
Items.61@description	Not a cat!	Не кот!
Items.62@description	A backup!	Резервная копия!
Items.63@description	3rd time's the charm?	В третий раз повезёт?
Items.64@description	This is kind of fun.	Это даже весело.
Items.65@description	Lookin' Good.	Выглядит хорошо.
Items.66@description	Niko blinked in this one.	На этой Нико моргнул.
Items.67@description	Nice.	Мило.
Items.68@description	Very photogenic.	Очень фотогенично.
Items.69@description	Can't have too much of a good thing!	Хорошего не бывает слишком много!
Items.70@description	The ultimate photo.	Идеальное фото.
Items.74@description	It's glowing now...?	Оно теперь светится...?
Items.75@description	A floppy disk.	Дискета.
Items.76@description	A floppy disk containing a backup.	Дискета с резервной копией.
Items.77@description	A working, rechargable battery.	Рабочая аккумуляторная батарея.
Items.78@description	A wind-up music box.	Музыкальная шкатулка с заводом.
Items.80@description	A matte black stick with metal on the end.	Матово-чёрная палка с металлом на конце.
Items.81@description	It's a glowing jar, filled with blue goo.	Это светящаяся банка, наполненная синей жижей.
Items.82@description	It feels lightweight.	Оно кажется лёгким.
Items.83@description	sv_cheats 1	sv_cheats 1
Items.84@description	weeeeeeeeeeeeeeeeeeeeeeeeeeeeeeeeeeeeeeeeeeeee	уиииииииииииииииииииииииииииииииииииииииииииииииии
Items.85@description	It's quite hefty.	Оно довольно увесистое.
Items.88@description	Large and heavy.	Большое и тяжёлое.
Items.92@description	It's a bottle of wood glue. Very sticky.	Это бутылка столярного клея. Очень липкий.
Items.93@description	Metallic and slender. Very heavy. Feels like wood.	Металлическое и тонкое. Очень тяжёлое. На ощупь как дерево.
Items.94@description	It's a large shovel.	Это большая лопата.
Items.95@description	It's the shovel shaft with glue on the end. Very sticky.	Это черенок лопаты с клеем на конце. Очень липкий.
Items.100@description	A v shaped piece of metal. Meant for picking up objects.	Кусок металла V-образной формы. Для подбора предметов.
Items.102@description	ths will no longer crash if you select an invalid map	ths больше не будет вылетать, если выбрать неверную карту
Items.103@description	It's bound with some wax.	Оно скреплено воском.
Items.104@description	It's a bottle. With dust.	Это бутылка. С пылью.
Items.105@description	A pair of scissors.	Пара ножниц.
Items.113@description	You call this a knife?	Ты называешь это ножом?
Items.114@description	This is a knife.	Вот это нож.
Items.115@description	It's bread with fish. It reeks.	Это хлеб с рыбой. Воняет.
Items.116@description	It's a small loaf of bread.	Это маленькая буханка хлеба.
Items.117@description	It gives off a repungent odor.	От него исходит отвратительный запах.
Items.118@description	It's a stone mortar and pestle used to grind grain.	Это каменная ступка с пестиком для помола зерна.
Items.119@description	Fresh. It smells sweet.	Свежее. Пахнет сладко.
Items.120@description	It's a white powder made from crushed wheat.	Это белый порошок из молотой пшеницы.
Items.121@description	It's a metal bowl filled with bread dough.	Это металлическая миска с тестом для хлеба.
Items.122@description	It's a metal bowl. Quite reflective.	Это металлическая миска. Довольно отражающая.
Items.123@description	It's a metal bowl filled with water.	Это металлическая миска с водой.
Items.124@description	It's a small metal pan used in baking. 	Это маленькая металлическая форма для выпечки. 
Items.125@description	It's a metal pan with wax paper on it.	Это металлическая форма с вощёной бумагой.
Items.126@description	It's a metal pan with bread dough on top.	Это металлическая форма с тестом для хлеба сверху.
Items.127@description	Used in baking as a raising agent.	Используется в выпечке как разрыхлитель.
Items.128@description	It's a metal bowl filled with flour mixed with water.	Это металлическая миска с мукой, смешанной с водой.
Items.129@description	Sticky and sweet.	Липкое и сладкое.
Items.130@description	It's a metal bowl with yeast, flour, and water.	Это металлическая миска с дрожжами, мукой и водой.
Items.131@description	Green and earthy. 	Зелёное и землистое. 
Items.133@description	An unusual book with unreadable text on the cover.	Необычная книга с нечитаемым текстом на обложке.
Items.135@description	A pair of googles, with a blue band.	Пара очков с синей дужкой.
Items.136@description	A plastic rectangle with a black bar and some text.	Пластиковый прямоугольник с чёрной полосой и каким-то текстом.
Items.137@description	A large and heavy metal brick.	Большой и тяжёлый металлический брусок.
Items.138@description	It's full of toxic gas.	Он полон токсичного газа.
Items.139@description	A small, glass bottle.	Маленькая стеклянная бутылочка.
Items.140@description	It's a photo of Menderbot and someone else.	Это фото Мендербота и кого-то ещё.
Items.141@description	It's a blue box with some dials on it.	Это синяя коробка с какими-то циферблатами.
Items.142@description	It's ugly.	Это уродливо.
Items.145@description	It's... me?	Это... я?
Items.146@description	It's adorable.	Это прелесть.
Items.150@description	It's a car jack, used to lift cars?	Это домкрат, чтобы поднимать машины?
